candidate,sha,board,tier,nets,layers,clean_pass,unrouted,violations,score,cpu_s,wall_s,peak_rss_mb,vias,wirelength_mm,wirelength_ratio,via_ratio,timed_out
rs-main,e505e54bf501,pcbench-1-Wire-Wing-pcb_1-Wire_Wing,d3-b,37,2,true,0,0,999.99427461375,2.21,2.276,12.6,18,474.0927,1.1644,1.2,false
rs-main,e505e54bf501,pcbench-16x12-bits-I2C_I2C_Servo,d3-c,46,2,false,0,53,905.3511804249999,1.74,1.774,13.3,46,1038.962,0.9359,2.5556,false
rs-main,e505e54bf501,pcbench-1Bitsy_1bitsy,d3-c,63,4,false,63,0,0.0,0.0,360.01,0.0,0,0.0,,,true
rs-main,e505e54bf501,pcbench-2d_conduction_sk9822-matrix,d3-c,132,2,false,2,0,994.6480877460427,61.49,61.777,49.8,106,2775.9149,1.9986,2.9444,false
rs-main,e505e54bf501,pcbench-4N35-TTL-Serial-Optoisolator_4N35-TTL-Serial-Optoisolator,d3-b,14,2,true,0,0,999.997800919,0.23,0.265,9.2,0,219.9081,1.0386,,false
rs-main,e505e54bf501,pcbench-655_testboard,d3-b,22,2,true,0,0,999.9917470389473,2.43,2.474,14.7,27,1002.0939,0.9275,0.375,false
rs-main,e505e54bf501,pcbench-6N137-TTL-Serial-Optoisolator_6N137-TTL-Serial-Optoisolator,d3-b,14,2,true,0,0,999.9980196307142,0.81,0.869,9.4,0,277.2517,1.3278,,false
rs-main,e505e54bf501,pcbench-6volt-5W-solar-cc_6vleadacidsolar,d3-b,29,2,false,0,12,980.1621492112396,4.12,4.175,19.5,19,949.7272,1.2467,0.2235,false
rs-main,e505e54bf501,pcbench-74Logic_SA_ADC_SA-ADC,d3-c,127,2,false,1,0,997.7612614240625,283.07,284.279,77.6,206,4474.4101,0.8864,0.6776,false
rs-main,e505e54bf501,pcbench-96boards-sensors_Sensors,d3-c,91,2,false,2,8,986.995465872852,79.62,80.009,72.0,151,3729.7661,0.9399,1.0786,false
rs-main,e505e54bf501,pcbench-ABOVISP_ABOVISP,d3-a,13,2,false,1,7,922.5777639103227,1.09,1.116,10.2,5,196.5939,1.3181,0.4167,false
rs-main,e505e54bf501,pcbench-ADC-PCM4202-SE_ADC-PCM4202-SE,d3-c,85,2,true,0,0,999.9977459938389,23.56,23.714,27.4,41,2705.953,0.8522,0.1414,false
rs-main,e505e54bf501,pcbench-APC_AtariPunkConsole,d3-b,18,2,true,0,0,999.9977726615384,0.17,0.214,9.5,2,479.108,0.8726,0.5,false
rs-main,e505e54bf501,pcbench-APM-RPi-Shield_APM-RPi-Shield,d3-c,62,2,false,4,2,964.79536619696,15.5,15.597,26.6,31,1346.1269,0.9633,2.5833,false
rs-main,e505e54bf501,pcbench-AS5043-Encoder_sensor-board,d3-b,15,2,false,0,2,986.6620020346667,0.36,0.415,9.5,9,249.6948,1.31,4.5,false
rs-main,e505e54bf501,pcbench-ATmega32_ExploreUltraAvrDevKit_40pin_AVRMCU,d3-b,40,2,true,0,0,999.9961517444999,0.9,0.916,12.4,7,1189.3022,0.957,0.7,false
rs-main,e505e54bf501,pcbench-ATtiny461Breakout_ATTiny461DevBoard,d3-b,20,2,false,1,2,963.155545508421,1.66,1.718,12.8,3,296.3534,0.942,0.375,false
rs-main,e505e54bf501,pcbench-AVR-ISP_level-shifter_AVR-ISP_level-shifter,d3-b,16,2,false,1,4,972.724948779697,2.04,2.068,10.7,8,366.9027,0.8141,0.8,false
rs-main,e505e54bf501,pcbench-AVR-ISP_pogo-plug_1.27mm_AVR-ISP_pogo-plug_1.27mm,d3-a,6,2,true,0,0,999.9989027688889,1.61,1.667,8.3,1,48.7508,0.9027,,false
rs-main,e505e54bf501,pcbench-AVR-Playground_hello_world,d3-b,33,2,false,1,0,799.9956605959999,0.13,0.164,9.0,0,108.4851,0.6682,,false
rs-main,e505e54bf501,pcbench-AVR-ZIF-Programmer_AVR-ZIF-Prog,d3-c,50,2,true,0,0,999.9956541333332,2.11,2.17,17.1,8,1490.452,1.0181,,false
rs-main,e505e54bf501,pcbench-Amiga-A1012-PCB_Amiga-A1012,d3-b,42,2,false,0,42,913.3936184162887,2.98,3.019,15.6,47,1745.0681,0.8813,0.7581,false
rs-main,e505e54bf501,pcbench-AmpOne_dev-AmpOne,d3-c,79,2,false,1,0,996.8811911692212,26.72,26.861,44.5,60,2688.1734,0.8456,0.2326,false
rs-main,e505e54bf501,pcbench-AnalogThermometer_AnalogThermometer,d3-b,15,2,false,0,3,982.85537898,0.42,0.465,9.6,2,208.6785,2.5884,1.0,false
rs-main,e505e54bf501,pcbench-Apple-M0110-BT_Apple M0110,d3-c,116,2,true,0,0,999.9960855267857,4.89,4.925,36.9,0,4384.21,0.9723,0.0,false
rs-main,e505e54bf501,pcbench-Arduino-Theremin_arduino-theremin-v1,d3-b,15,2,false,1,0,962.9574322325925,0.46,0.515,10.3,3,596.6486,1.0511,0.6,false
rs-main,e505e54bf501,pcbench-Arduino_Lipo_Storage_Discharger_Lipo_Storage_Discharger,d3-c,51,2,true,0,0,999.9961339986111,1.34,1.367,13.4,7,1041.7605,1.0847,0.3684,false
rs-main,e505e54bf501,pcbench-Atmel-ICE-Header-Adapter_ice header adapter pcb,d3-a,9,2,false,3,0,957.7437439287323,6.85,6.927,22.8,0,970.9053,1.0824,0.0,false
rs-main,e505e54bf501,pcbench-Avem_Hardware_Avem_demo,d3-c,63,2,false,1,39,889.9963581869999,13.17,13.24,29.1,16,656.7252,1.1782,0.3902,false
rs-main,e505e54bf501,pcbench-AzizLight_AzizLight,d3-b,29,2,false,0,23,954.8971126613726,3.5199999999999996,3.572,13.6,35,722.5427,2.1249,1.9444,false
rs-main,e505e54bf501,pcbench-BB-PWR-3608_BB-PWR-3608_revA,d3-a,8,2,true,0,0,999.998120773846,1.13,1.166,8.7,3,94.2994,1.1788,1.0,false
rs-main,e505e54bf501,pcbench-BB-PWR-8009_BB-PWR-8009_revA,d3-a,6,2,true,0,0,999.9985017869566,1.26,1.32,8.8,2,72.2945,1.0329,1.0,false
rs-main,e505e54bf501,pcbench-BLDC-controller_BLDC_controller,d3-c,64,2,false,17,37,944.5437230258636,159.27,159.978,64.5,51,1259.3431,1.2513,0.68,false
rs-main,e505e54bf501,pcbench-BML-Badges_BML-Badges,d3-a,11,2,true,0,0,999.99711993,0.28,0.314,10.2,0,460.8112,0.9025,,false
rs-main,e505e54bf501,pcbench-BML-Badges_BML_01,d3-a,11,2,true,0,0,999.9977341953334,0.2,0.214,9.5,0,339.8707,0.7923,,false
rs-main,e505e54bf501,pcbench-Baofeng-Interface_BaofengInterfaceIsolated,d3-b,20,2,true,0,0,999.9991313883118,2.76,2.82,11.4,0,668.831,3.336,,false
rs-main,e505e54bf501,pcbench-BirdAttractor_BirdAttractor_RevA,d3-b,20,2,true,0,0,999.9969418806452,1.66,1.717,9.3,2,374.0085,0.818,,false
rs-main,e505e54bf501,pcbench-BirdAttractor_BirdAttractor_RevC,d3-b,33,2,true,0,0,999.9935347892783,2.0799999999999996,2.117,13.6,41,1085.6272,0.88,1.2059,false
rs-main,e505e54bf501,pcbench-BirthdayCakeKeyboard_10Key,d3-c,77,2,false,0,65,931.92932412178,27.13,27.316,35.2,72,3895.4637,0.7746,0.7826,false
rs-main,e505e54bf501,pcbench-Biscay_Blueeye_mcu,d3-b,36,2,false,0,17,946.8702508181249,2.82,2.868,15.1,7,1169.7382,0.8589,0.4118,false
rs-main,e505e54bf501,pcbench-Biscay_Blueeye_sipm-fpga,d3-c,51,2,false,2,82,877.3292254400001,41.76,41.986,30.2,33,1430.92,0.9562,0.8919,false
rs-main,e505e54bf501,pcbench-Blink-Eras_AVR_ISP_Pogo,d3-a,6,2,true,0,0,999.9967667166666,0.04,0.064,8.2,0,96.9985,0.9612,,false
rs-main,e505e54bf501,pcbench-Box0-hv-analog-breakoutboard_breakout,d3-b,36,1,false,128,0,174.19342171212904,29.8,29.971,18.3,0,98.1731,0.1837,0.0,false
rs-main,e505e54bf501,pcbench-Brushless_ESC_Brushless_ESC,d3-c,50,2,false,0,58,928.390253709753,10.67,10.732,21.3,51,1344.4951,1.2665,0.7612,false
rs-main,e505e54bf501,pcbench-C-BISCUIT_crowbar,d3-a,6,2,false,0,3,966.6622724355555,0.27,0.315,9.0,5,145.4808,1.4736,1.6667,false
rs-main,e505e54bf501,pcbench-CAL430FR_CAL430F,d3-c,43,2,false,8,25,858.6867965521739,77.02,77.416,29.7,60,1073.586,0.8357,0.6522,false
rs-main,e505e54bf501,pcbench-CAL430FR_CAL430F_watch,d3-b,20,2,false,0,18,836.3560020781817,1.17,1.216,10.2,9,389.7714,1.0347,2.25,false
rs-main,e505e54bf501,pcbench-CapPCB_CapPcb,d3-a,2,2,true,0,0,999.9978681575001,1.37,1.416,9.2,0,85.2737,,,false
rs-main,e505e54bf501,pcbench-Cherry-Mx-Bitboard_Cherry Mx Bitboard,d3-a,3,2,true,0,0,999.9986825272726,0.03,0.064,7.8,0,72.461,1.0147,,false
rs-main,e505e54bf501,pcbench-ChirpHardware_chirp,d3-c,58,4,false,1,65,859.9953729642,20.599999999999998,20.704,24.0,31,763.5179,1.4614,0.6327,false
rs-main,e505e54bf501,pcbench-CompactFlashBreakout_CompactFlashBreakout,d3-b,37,2,false,0,1,993.9316374509091,5.529999999999999,5.575,15.1,16,479.8206,0.9612,1.1429,false
rs-main,e505e54bf501,pcbench-CoreOne-xCORE200-Original_CoreOne,d3-c,245,4,false,28,1,965.4358559038236,355.89,357.531,104.2,294,7007.9124,0.9566,0.6869,false
rs-main,e505e54bf501,pcbench-CubeSAT-Reaction-Wheel_Edison_Motor_Servo,d3-b,24,2,true,0,0,999.9971074050001,0.14,0.164,8.4,0,115.7038,1.2321,,false
rs-main,e505e54bf501,pcbench-CubeSAT-Reaction-Wheel__autosave-GPIO to motor,d3-b,31,2,true,0,0,999.9939022266666,1.2,1.216,11.9,3,673.1994,0.6739,0.0395,false
rs-main,e505e54bf501,pcbench-Curryboard_Curryboard,d3-c,66,2,false,2,0,986.8350021836842,48.0,48.244,40.0,70,1898.3404,0.7846,0.2991,false
rs-main,e505e54bf501,pcbench-DAC-ADAU1966_DAC-ADAU1966,d3-c,172,4,true,0,0,999.9967070986517,89.97,90.426,58.0,127,3907.3877,1.0703,0.4262,false
rs-main,e505e54bf501,pcbench-DC25_DC25,d3-b,39,2,false,0,25,927.5251989026086,4.93,4.977,17.6,46,1506.3786,1.746,1.7692,false
rs-main,e505e54bf501,pcbench-DIYDAC_DIYDAC,d3-b,17,2,true,0,0,999.9994548584,0.08,0.114,8.2,0,68.1427,1.0,,false
rs-main,e505e54bf501,pcbench-DPS-1200FB_Adapter_Adapter,d3-a,9,2,false,1,3,987.1987263718399,2.2199999999999998,2.269,26.1,0,796.0176,4.8955,,false
rs-main,e505e54bf501,pcbench-DaWeather---Project__autosave-CarteDaWeather,d3-b,20,2,true,0,0,999.9972331906977,0.13,0.164,8.9,0,594.864,0.7149,,false
rs-main,e505e54bf501,pcbench-DasBlinkinput_Das Blinkinput,d3-b,21,4,true,0,0,999.9956702869445,59.86,60.164,14.7,18,658.6967,1.4136,0.4737,false
rs-main,e505e54bf501,pcbench-Dekada_dekada,d3-b,41,2,true,0,0,999.9993507620511,12.2,12.284,10.6,0,379.8042,0.8966,,false
rs-main,e505e54bf501,pcbench-Dekada_dekada_TopoR_curves,d3-b,41,2,true,0,0,999.9993507675214,14.31,14.39,10.6,0,379.801,0.989,,false
rs-main,e505e54bf501,pcbench-DerKnopf_digi-pot,d3-c,49,2,false,1,54,821.2063261827271,7.569999999999999,7.626,16.6,29,462.3597,1.1769,1.7059,false
rs-main,e505e54bf501,pcbench-DerKnopf_led-ring,d3-a,9,2,false,0,4,988.3976248614492,20.01,20.149,24.7,45,569.4228,1.0348,1.25,false
rs-main,e505e54bf501,pcbench-DerKnopf_power-supply,d3-a,6,2,true,0,0,999.9980361258333,1.43,1.466,8.6,1,185.6649,0.7898,,false
rs-main,e505e54bf501,pcbench-DiscoDanceFloorV1_DiscoDongle,d3-b,31,2,false,0,11,958.4867201022643,30.93,31.125,13.6,10,519.1729,2.0089,0.7143,false
rs-main,e505e54bf501,pcbench-DoroidOscillo-Board_Android_Oscilloscope,d3-c,77,3,false,5,70,938.5072222776051,133.68,134.318,64.5,92,1741.5811,1.0864,0.5935,false
rs-main,e505e54bf501,pcbench-DualLM317BenchSupply_DualLM317BenchSupply,d3-b,19,2,true,0,0,999.9974098461364,6.57,6.625,11.7,0,1139.6677,1.7725,,false
rs-main,e505e54bf501,pcbench-DustSensorShield_DustSensorShield,d3-c,48,2,false,1,0,941.1674446294119,1.48,1.517,13.4,6,467.2065,0.8701,1.2,false
rs-main,e505e54bf501,pcbench-E202VAR-Natural-Radio-Receiver_e202var-vlf-radio-receiver,d3-b,30,2,false,1,0,989.1282364241305,3.06,3.121,13.0,1,961.2449,1.4128,0.1111,false
rs-main,e505e54bf501,pcbench-ESP-12-breakout_ESP12E-breakout,d3-b,24,2,true,0,0,999.9963776404762,0.74,0.765,10.8,9,310.6955,0.8115,,false
rs-main,e505e54bf501,pcbench-ESP-Breakout_ESP-Breakout,d3-b,22,2,true,0,0,999.9953674448147,0.44,0.465,9.2,18,350.7899,0.885,0.3396,false
rs-main,e505e54bf501,pcbench-ESP07-Breakout_ESP07-Breakout,d3-b,23,2,false,2,0,969.2270702221538,3.9899999999999998,4.071,18.4,10,702.1778,0.8547,,false
rs-main,e505e54bf501,pcbench-ESP32-Module-Breakout_ESP32S-breakout,d3-b,39,2,false,0,13,943.4691290204348,2.27,2.318,12.0,27,750.3253,1.0091,1.2273,false
rs-main,e505e54bf501,pcbench-ESP8266-MQTT-battery-monitor-hw_battery-monitor,d3-b,37,2,false,0,27,943.1539038265263,2.65,2.72,15.0,25,645.6824,1.3532,0.3968,false
rs-main,e505e54bf501,pcbench-ESPLux_Board,d3-b,27,2,true,0,0,999.9949634896295,23.16,23.302,13.5,11,809.8578,1.1312,0.7857,false
rs-main,e505e54bf501,pcbench-ESP_BaPoTeSta_ESP_BaPoTeSta,d3-c,48,2,false,2,0,981.4770537355555,11.25,11.335,25.3,32,790.9828,1.1678,0.9412,false
rs-main,e505e54bf501,pcbench-ESP_WiFiSwitch_WifiSwitch,d3-b,17,2,false,0,1,990.9034265454546,0.38,0.415,9.8,6,323.08,1.2876,0.5,false
rs-main,e505e54bf501,pcbench-Eggbot-Spherebot-polargraph-Controller_eggbot-spherebot-polargraph-controller,d3-b,39,2,true,0,0,999.9950222905264,1.04,1.068,11.5,3,1268.6472,1.0888,,false
rs-main,e505e54bf501,pcbench-Electronics-MainBoard_MainBoard,d3-c,97,2,false,1,42,967.0125604746667,29.32,29.467,28.1,84,2901.3236,0.9583,0.9655,false
rs-main,e505e54bf501,pcbench-EncoderBoard_Enc_Pan_Led,d3-c,44,2,false,7,28,870.0990025981444,38.0,38.197,31.5,23,833.7399,0.8283,0.7419,false
rs-main,e505e54bf501,pcbench-FRM16_Relay_Module_I2C_Controller_relay_controller,d3-c,43,2,false,0,3,989.0760795367274,33.839999999999996,34.025,16.2,52,1478.1274,1.111,8.6667,false
rs-main,e505e54bf501,pcbench-FT231X_breakout_FTDI_FT231XS-U_Breakout,d3-b,21,2,false,4,3,884.994569832,6.02,6.076,14.4,15,336.0336,0.8242,0.625,false
rs-main,e505e54bf501,pcbench-FlashProgrammer_flash_programmer,d3-c,72,2,false,5,52,890.7738250741843,35.93,36.135,36.1,60,1453.3227,1.0884,0.6742,false
rs-main,e505e54bf501,pcbench-FogDrive_attiny45_slim,d3-a,9,2,true,0,0,999.9991248850001,0.1,0.114,9.0,0,52.5069,0.9185,,false
rs-main,e505e54bf501,pcbench-HES-V2__autosave-hes,d3-b,30,2,true,0,0,999.9974615333333,0.19,0.214,9.5,0,456.924,1.4994,,false
rs-main,e505e54bf501,pcbench-HES-V2_hes,d3-b,30,2,true,0,0,999.9974615333333,0.2,0.214,9.7,0,456.924,1.4994,,false
rs-main,e505e54bf501,pcbench-HW-AC-Emeter_ac-power-monitor,d3-b,35,2,false,1,13,966.3496091014954,8.129999999999999,8.228,18.9,37,1109.1307,1.1358,0.925,false
rs-main,e505e54bf501,pcbench-Hangul-Clock_Hangul,d3-c,72,2,false,0,28,973.1991657957894,16.56,16.647,22.1,73,3221.7434,1.0967,2.92,false
rs-main,e505e54bf501,pcbench-Hardware-done-with-kicad_AVRlearn,d3-b,29,2,false,0,3,975.9934750744,0.28,0.314,10.5,8,415.6157,1.0896,1.6,false
rs-main,e505e54bf501,pcbench-Hardware_Playground_BL_PCB_latest,d3-c,95,2,false,0,24,979.9140681705439,8.399999999999999,8.48,31.7,16,1888.5362,0.9982,0.381,false
rs-main,e505e54bf501,pcbench-Hardware_Playground_Touch_Switch_1ch_PCB,d3-b,37,2,false,1,19,955.1362279128971,19.97,20.106,30.6,29,668.0666,1.3476,0.3222,false
rs-main,e505e54bf501,pcbench-Hardware_Playground_buck_led_driver,d3-a,8,2,false,1,0,944.4416209166666,0.4,0.415,9.0,3,104.1175,1.0942,0.3333,false
rs-main,e505e54bf501,pcbench-Hardware_Playground_esp8266_uno_relay,d3-b,18,2,false,1,0,994.9232180238579,4.47,4.523,14.6,1,580.2465,1.439,,false
rs-main,e505e54bf501,pcbench-Hardware_Playground_hy_adapter,d3-a,6,2,true,0,0,999.9858950333333,0.8,0.815,8.2,7,73.149,1.2975,2.3333,false
rs-main,e505e54bf501,pcbench-Hardware_Playground_minimal_node_rfm69w,d3-b,30,2,false,9,1,910.676812291068,25.78,25.963,22.9,19,491.6701,0.9306,0.5758,false
rs-main,e505e54bf501,pcbench-Hardware_Playground_nrf52832_uno,d3-c,46,2,false,4,36,883.3275993816666,19.029999999999998,19.153,29.3,27,1402.2968,0.9659,0.6429,false
rs-main,e505e54bf501,pcbench-Hardware_Playground_orange_pi_zero_node,d3-c,48,2,false,1,2,993.0684838351484,9.4,9.482,22.6,1,781.3265,1.9352,1.0,false
rs-main,e505e54bf501,pcbench-Hardware_Playground_pro_mini,d3-b,26,2,false,1,0,987.1777886471795,5.109999999999999,5.176,18.1,4,462.4276,1.1809,0.6667,false
rs-main,e505e54bf501,pcbench-Hardware_Playground_rpi_zero,d3-c,44,2,false,2,21,971.4272856849769,11.11,11.183,14.6,11,845.0318,1.7876,2.2,false
rs-main,e505e54bf501,pcbench-Hardware_Playground_serial_gw_ATMEGA328P,d3-b,33,2,false,2,35,948.2730747710344,36.9,37.091,30.3,34,724.9492,1.0773,1.36,false
rs-main,e505e54bf501,pcbench-Hardware_Playground_serial_gw_maple_mini,d3-c,45,2,true,0,0,999.9987118877777,8.57,8.629,20.4,7,925.2311,1.9051,3.5,false
rs-main,e505e54bf501,pcbench-Hardware_Playground_usb_shield,d3-a,6,2,true,0,0,999.9993330527961,13.81,13.894,19.2,0,703.6293,3.8667,0.0,false
rs-main,e505e54bf501,pcbench-Hardware_Playground_wifi_lights,d3-b,22,2,true,0,0,999.9964537503448,1.73,1.767,13.7,8,628.4124,1.1245,1.1429,false
rs-main,e505e54bf501,pcbench-HaveSome_PCB_HaveSomePCB,d3-a,3,2,false,1,0,956.5210941330434,1.07,1.116,9.4,0,74.1747,0.8589,0.0,false
rs-main,e505e54bf501,pcbench-HellScribe_HellScribe,d3-b,41,2,false,0,25,946.2281905995699,2.98,3.02,16.3,47,1541.3712,1.127,0.662,false
rs-main,e505e54bf501,pcbench-HillhacksLantern_LEDLantern,d3-a,12,2,false,2,0,928.5680041085715,1.06,1.116,21.0,2,379.4248,0.8206,,false
rs-main,e505e54bf501,pcbench-Hypfer-RGB-W-LED-Controller_led_strip_controller,d3-b,33,2,false,1,0,986.4835322727027,3.57,3.621,18.4,0,1093.0591,0.7533,0.0,false
rs-main,e505e54bf501,pcbench-I2CTempsensor_sensors,d3-a,5,2,true,0,0,999.9984170477778,0.03,0.064,8.2,0,142.4657,1.0125,0.0,false
rs-main,e505e54bf501,pcbench-ID-FIX_scanConnect,d3-a,8,2,true,0,0,999.9987365525,0.03,0.064,8.0,0,50.5379,1.1453,,false
rs-main,e505e54bf501,pcbench-IR-Transponder-ATTiny85-v2_Transponder_v2,d3-b,14,2,false,1,0,952.3782819780953,0.79,0.815,9.2,3,130.3923,1.4371,1.0,false
rs-main,e505e54bf501,pcbench-ISO-port_ch340-usb-serial-isolated,d3-b,24,2,false,1,0,987.3375663913924,7.71,7.779,13.2,20,661.2754,1.2768,0.3448,false
rs-main,e505e54bf501,pcbench-Inhibition_amplifier,d3-c,119,2,true,0,0,999.9962175673334,20.18,20.301,17.1,9,2386.8245,1.0329,0.2903,false
rs-main,e505e54bf501,pcbench-Inkjet_InkjetBreakout,d3-b,14,2,false,0,21,676.9168823553846,0.28,0.314,8.7,3,252.6469,0.7705,0.5,false
rs-main,e505e54bf501,pcbench-Inkjet_InkjetDriver,d3-c,80,2,false,0,6,981.5305250633846,2.51,2.569,14.9,28,1179.3544,0.9784,0.5714,false
rs-main,e505e54bf501,pcbench-Inkjet_PiezoDriver,d3-c,59,2,false,1,9,903.4433402586208,3.41,3.471,13.1,9,265.6625,,,false
rs-main,e505e54bf501,pcbench-Inkjet__autosave-InkjetDriver,d3-c,80,2,false,0,6,981.5305250633846,2.31,2.368,15.2,28,1179.3544,0.9784,0.5714,false
rs-main,e505e54bf501,pcbench-JLink-SWD_JLink-SWD,d3-b,17,2,true,0,0,999.9977868475555,0.76,0.815,10.7,4,297.9593,1.2659,0.2222,false
rs-main,e505e54bf501,pcbench-Kefersender_UKW TX,d3-b,27,1,false,6,8,912.642719708046,8.74,8.831,18.0,0,416.927,0.9351,0.0,false
rs-main,e505e54bf501,pcbench-Keyboard_PCB_Keyboard,d3-c,146,2,false,0,31,988.381927230749,126.5,127.097,127.8,167,11904.2939,0.9717,2.6935,false
rs-main,e505e54bf501,pcbench-KiCad-LTC6802-2_main,d3-b,23,2,false,0,47,731.4239067982858,0.48,0.515,10.6,7,466.3103,0.9745,,false
rs-main,e505e54bf501,pcbench-KosselHotendBoard_KosselHotendPCB,d3-a,12,2,true,0,0,999.9971606893333,0.25,0.264,8.8,0,212.9483,0.9945,,false
rs-main,e505e54bf501,pcbench-L6235-PCB_L6235,d3-b,23,2,true,0,0,999.9977275809524,0.23,0.264,10.1,0,715.812,0.7619,,false
rs-main,e505e54bf501,pcbench-LAUNCHXL-F28027-isolation-PCB_project1,d3-a,12,2,false,1,4,948.5684256399999,1.65,1.718,12.6,7,175.513,0.542,0.6364,false
rs-main,e505e54bf501,pcbench-LED-Square_PT4115_LED-Square_PT4115,d3-a,12,2,false,0,6,980.6434782419354,6.53,6.575,11.3,1,471.745,0.8886,0.0057,false
rs-main,e505e54bf501,pcbench-LPC2148_Stick_LPC2148_stick,d3-c,97,2,false,6,40,939.385321872987,168.04000000000002,168.798,66.3,115,4203.2367,0.7623,0.9914,false
rs-main,e505e54bf501,pcbench-LPC2148_Stick__autosave-LPC2148_stick,d3-c,97,2,false,3,38,954.1039682851948,165.47,166.244,65.3,113,4266.6306,0.7738,0.9741,false
rs-main,e505e54bf501,pcbench-LT3652EvalBoard_LT3652EvalBoard,d3-b,26,2,false,0,30,915.4893048002817,1.26,1.316,11.8,14,596.7959,1.2971,1.75,false
rs-main,e505e54bf501,pcbench-LVDS2TMDS_LVDS2TMDS,d3-b,31,2,false,0,34,855.3141511251065,1.16,1.217,11.3,16,374.4856,1.3678,1.2308,false
rs-main,e505e54bf501,pcbench-LadyBugShield_LBS-TEST1,d3-b,18,2,false,0,8,968.6228722172549,0.67,0.715,11.6,15,417.5846,0.8819,1.25,false
rs-main,e505e54bf501,pcbench-LadybugLiteBlue_HW_LadybugBlueLite,d3-c,63,2,false,1,0,992.8527196562858,5.67,5.724,29.0,42,996.2406,1.4339,1.1351,false
rs-main,e505e54bf501,pcbench-LiFePO4-Charge-Controller_LiFePO4-Charge-Controller,d3-c,45,2,false,0,20,964.5995185667258,1.71,1.767,12.9,10,772.0098,0.8688,10.0,false
rs-main,e505e54bf501,pcbench-Librecalc-Hardware__autosave-calculator,d3-c,128,4,false,4,0,991.99395073244,260.75,261.973,93.2,219,4173.1689,0.9403,0.7087,false
rs-main,e505e54bf501,pcbench-LimitSwitchesPlugin_LimitSwitchesPlugin,d3-b,15,2,true,0,0,999.992859273,0.48,0.515,9.6,0,714.0727,0.8262,0.0,false
rs-main,e505e54bf501,pcbench-LoRaCatTrack_GPSLoRa,d3-c,54,2,false,4,0,948.712511376923,6.46,6.529,21.9,21,1070.563,0.8742,1.0,false
rs-main,e505e54bf501,pcbench-LoRaPP_loramod,d3-c,62,4,true,0,0,999.9980591814973,154.28,154.901,27.4,22,714.6653,1.0551,0.1467,false
rs-main,e505e54bf501,pcbench-LongPixel_AnalogDriverMini,d3-b,16,2,false,0,15,933.3288438817779,0.74,0.768,10.2,13,360.1266,1.1486,0.5,false
rs-main,e505e54bf501,pcbench-MAGFest-2017-Swadges_magfest_badges,d3-c,43,2,true,0,0,999.9939901485714,31.73,31.917,16.4,30,1234.4824,0.9769,1.3636,false
rs-main,e505e54bf501,pcbench-MAVRIC_Hardware_ArduinoPracticeBoard,d3-b,29,2,false,0,20,923.0707169653847,2.8099999999999996,2.869,12.0,18,713.589,1.3227,0.5294,false
rs-main,e505e54bf501,pcbench-MAVRIC_Hardware_Motherboard,d3-c,158,2,false,0,29,963.2846722239241,8.97,9.031,19.1,60,2108.9431,1.3146,1.1538,false
rs-main,e505e54bf501,pcbench-MAVRIC_Hardware_SoilBoard,d3-b,16,2,false,0,30,846.1484181292308,0.58,0.615,9.4,14,358.4648,1.5338,0.7778,false
rs-main,e505e54bf501,pcbench-MAVRIC_Hardware__autosave-Motherboard,d3-c,158,2,false,0,29,963.2846722239241,8.99,9.082,19.2,60,2108.9431,1.3146,1.1538,false
rs-main,e505e54bf501,pcbench-MSGEQ7-Breakout-Board_MSGEQ7_Breakout_Board,d3-a,11,2,true,0,0,999.9979807663159,0.15,0.214,8.5,0,191.8272,1.4275,,false
rs-main,e505e54bf501,pcbench-Mechaduino-DR_Mechaduino DR 1.01,d3-c,75,2,false,1,76,908.9834771768539,49.16,49.405,40.3,69,1255.3126,0.9999,0.9079,false
rs-main,e505e54bf501,pcbench-Minitel_bbb-adapter,d3-c,104,2,false,0,5,983.047160418644,1.2,1.266,13.8,3,937.6765,1.1298,0.6,false
rs-main,e505e54bf501,pcbench-Minitel_driver_board,d3-b,42,2,true,0,0,999.9972243422222,0.51,0.565,10.8,0,874.3322,1.1102,0.0,false
rs-main,e505e54bf501,pcbench-MixSID_mixsid,d3-c,106,2,false,4,0,980.5782146274757,43.470000000000006,43.693,56.6,38,2538.9337,0.916,1.52,false
rs-main,e505e54bf501,pcbench-MySRaspiGW_MySRaspiGW,d3-a,9,2,false,3,0,769.2282073769231,0.81,0.865,9.6,2,66.5205,0.7122,0.6667,false
rs-main,e505e54bf501,pcbench-MySRaspiGW_MySRaspiGW_PA_LNA,d3-a,9,2,false,2,0,846.1504421230769,0.85,0.917,8.6,3,71.262,0.7273,1.5,false
rs-main,e505e54bf501,pcbench-MySRaspiGW_MySRaspiGW_PA_LNA_Pimoroni,d3-a,9,2,false,1,0,923.0731469123077,0.84,0.865,10.0,3,95.4507,0.9944,1.5,false
rs-main,e505e54bf501,pcbench-MySRaspiGW_MySRaspiGW_Pimoroni,d3-a,9,2,false,1,0,923.0739714461539,0.93,0.965,9.2,2,91.856,0.783,2.0,false
rs-main,e505e54bf501,pcbench-NRC2016_banked_ram,d3-c,55,2,false,14,0,905.4007038766216,47.08,47.354,35.4,0,3479.1313,1.0662,0.0,false
rs-main,e505e54bf501,pcbench-NRC2016_usb_sio,d3-c,51,2,false,4,0,951.8021285751806,15.26,15.392,27.6,9,1666.6413,1.0175,0.375,false
rs-main,e505e54bf501,pcbench-NRC2016_z80,d3-c,57,2,false,10,0,965.5135059871725,42.37,42.601,46.0,0,5416.3186,1.0876,0.0,false
rs-main,e505e54bf501,pcbench-NavigationThing_NavigationThing,d3-b,27,2,false,1,0,988.8840114251112,27.19,27.376,14.1,28,794.8587,1.2367,,false
rs-main,e505e54bf501,pcbench-NeoWall_NeoWall,d3-a,6,2,false,0,8,949.992048974375,0.57,0.615,10.6,14,572.1641,1.4419,0.2745,false
rs-main,e505e54bf501,pcbench-Neptune-Hardware_DataAcquisitionBoard,d3-b,15,2,true,0,0,999.9966385688372,0.2,0.214,9.4,0,722.7077,1.0721,,false
rs-main,e505e54bf501,pcbench-NiMH-Charger_NiMH Charger,d3-b,20,2,true,0,0,999.9956345386666,0.55,0.565,11.2,2,882.2288,0.8716,,false
rs-main,e505e54bf501,pcbench-OLD-Stepper-motor-board-design-project_Stepper motor driver,d3-b,24,2,false,2,0,956.5151918008695,3.26,3.321,11.5,20,505.8858,1.0687,0.1333,false
rs-main,e505e54bf501,pcbench-Omega2-Berrydock_berrydock-mini,d3-c,111,2,false,1,85,914.2808149163809,53.69,53.971,41.9,71,1594.3378,1.0329,0.4551,false
rs-main,e505e54bf501,pcbench-Omega2-mini-dock_Omega2 mini-dock,d3-b,32,2,true,0,0,999.9974382621053,0.95,0.969,11.2,8,573.4604,1.4712,0.6667,false
rs-main,e505e54bf501,pcbench-OpAmpPassXsistorBenchSupply_OpAmpPassXsistorBenchSupply,d3-b,40,2,false,3,3,977.6378342506832,5.77,5.824,17.4,1,1493.4282,1.2492,0.0667,false
rs-main,e505e54bf501,pcbench-Open-Source-Power-Supply_PowerSupply_PCB,d3-b,26,2,false,0,3,993.1786281311363,0.85,0.867,20.3,7,1053.6223,1.1581,0.5,false
rs-main,e505e54bf501,pcbench-Open-Source-Power-Supply_PowerSupply_PCB_backup,d3-b,26,2,false,0,3,993.3300614717778,1.38,1.417,24.2,8,1072.3377,,,false
rs-main,e505e54bf501,pcbench-OpenHardwareExG_ActiveElectrode_OpenHardwareExG_ActiveElectrode,d3-a,10,4,false,3,3,861.5375149853846,10.82,10.931,15.3,0,123.0519,0.7518,0.0,false
rs-main,e505e54bf501,pcbench-OpenHardwareExG_Shield_OpenHardwareExG_Shield,d3-c,140,2,false,6,118,922.5085345763874,139.85999999999999,140.49,87.1,113,3048.9591,1.3371,0.7687,false
rs-main,e505e54bf501,pcbench-OpenHardwareExG_Shield_OpenHardwareExG_Shield_Test_Board,d3-c,105,2,false,3,64,933.607455107563,44.96,45.199,53.4,73,3478.422,0.8809,0.2466,false
rs-main,e505e54bf501,pcbench-OpenHardwareExG_Shield_OpenHardwareExG_Shield_Test_Board_all_panelled,d3-c,105,2,false,3,64,933.607455107563,34.11,34.274,53.4,73,3478.422,0.8809,0.2466,false
rs-main,e505e54bf501,pcbench-OpenVNAVI_driver unit,d3-c,165,2,false,2,22,979.14800567557,42.86,43.1,50.8,99,2861.288,1.0657,2.2,false
rs-main,e505e54bf501,pcbench-OpenVNAVI_motor unit,d3-a,4,2,false,1,0,899.998024878,0.49,0.515,8.5,1,48.7561,0.7032,,false
rs-main,e505e54bf501,pcbench-Own-Mailbox-Hardware_eth,d3-c,156,4,false,1,0,996.590940960068,141.95999999999998,142.645,70.1,181,2266.7887,0.9445,0.8538,false
rs-main,e505e54bf501,pcbench-Own-Mailbox-Hardware_mailbox,d3-c,156,4,false,2,0,993.1667638380205,216.09,217.084,80.0,169,2240.9773,0.9448,0.8009,false
rs-main,e505e54bf501,pcbench-PCB_constant_current_ac_hv,d3-a,5,2,false,0,5,888.8847329755556,0.04,0.064,8.4,1,137.0161,1.0353,,false
rs-main,e505e54bf501,pcbench-PCB_serie_led_strip,d3-a,11,2,true,0,0,999.9991319999999,0.01,0.032,7.9,0,39.06,0.9156,,false
rs-main,e505e54bf501,pcbench-PCB_small_halogen_replacement,d3-b,36,2,false,6,0,884.6125333623078,4.659999999999999,4.725,12.9,9,291.3258,0.889,,false
rs-main,e505e54bf501,pcbench-PGA2311_pga2311,d3-b,18,2,true,0,0,999.995528523721,4.26,4.322,11.2,8,561.3674,1.3912,1.0,false
rs-main,e505e54bf501,pcbench-POV_POV,d3-b,15,2,true,0,0,999.996821457,0.37,0.415,10.9,0,317.8543,0.9488,,false
rs-main,e505e54bf501,pcbench-PWRmeter_PWMeter,d3-b,16,2,true,0,0,999.996112184878,0.67,0.715,10.9,5,547.0021,0.8015,0.1724,false
rs-main,e505e54bf501,pcbench-Paperino_HW_Paperino_shield,d3-b,24,2,true,0,0,999.9968143605555,0.88,0.916,10.5,0,573.4151,1.2069,0.0,false
rs-main,e505e54bf501,pcbench-Paperino_HW_paperino_breakout,d3-a,13,2,true,0,0,999.9970334872727,0.32,0.369,8.8,0,163.1582,0.9703,,false
rs-main,e505e54bf501,pcbench-Phased-Array-Microphone-using-FPGA_SateliteMicrophone,d3-a,11,2,true,0,0,999.9961980024242,0.49,0.515,9.4,8,227.3296,1.4841,0.7273,false
rs-main,e505e54bf501,pcbench-PixyWirelessShield_Shield PIXY,d3-a,10,2,false,0,2,919.9921507600001,0.05,0.064,8.2,1,146.231,0.8347,,false
rs-main,e505e54bf501,pcbench-PmodHDMIIn_PmodHDMIIn,d3-b,31,2,false,1,0,991.3747128601724,5.13,5.178,21.0,37,816.5411,0.9354,1.4231,false
rs-main,e505e54bf501,pcbench-PocketBone_pocketbone-kicad,d3-c,385,2,false,44,5,776.1180379947264,161.20000000000002,161.974,51.7,9,921.8153,0.7075,0.0596,false
rs-main,e505e54bf501,pcbench-Practicas-Curso-Kicad_Ejercicio_2,d3-b,22,2,false,0,37,831.8127907968183,0.7,0.717,11.5,14,486.0247,0.964,0.5385,false
rs-main,e505e54bf501,pcbench-Practicas-Curso-Kicad_Salguero_Federico2,d3-b,22,2,false,0,30,860.4594249502327,1.82,1.87,11.3,14,523.6357,1.04,0.875,false
rs-main,e505e54bf501,pcbench-Prototyping_Workshop_Prototyping_PCB,d3-b,41,2,true,0,0,999.9978342395001,1.05,1.073,16.4,3,716.3042,1.0246,3.0,false
rs-main,e505e54bf501,pcbench-PsuFanController_FanController,d3-a,10,2,true,0,0,999.9985490954545,0.07,0.114,8.7,0,159.5995,0.8858,,false
rs-main,e505e54bf501,pcbench-QRPCard_QRPCard,d3-b,21,2,false,0,38,917.3869301454348,2.32,2.368,16.4,23,862.1331,1.7845,1.5333,false
rs-main,e505e54bf501,pcbench-R1002_R1002,d3-b,25,2,false,1,31,916.2760593160466,6.55,6.626,17.8,15,544.4941,1.194,1.0714,false
rs-main,e505e54bf501,pcbench-RC2014_RC2014 IDE,d3-b,30,2,true,0,0,999.9946954550877,7.9799999999999995,8.079,19.4,1,1461.7953,1.0745,0.0476,false
rs-main,e505e54bf501,pcbench-RC2014_RC2014 RAM,d3-b,41,2,true,0,0,999.9914453511865,9.959999999999999,10.032,22.6,11,1973.6214,0.745,0.4783,false
rs-main,e505e54bf501,pcbench-RC2014_RC2014 Tandy Sound Card,d3-c,49,2,false,2,0,983.99534219856,13.94,14.039,45.3,13,2261.1259,0.9724,0.1461,false
rs-main,e505e54bf501,pcbench-RFM69HCW_ATSHA204A_Breakout_RFM69HCW_ATSHA204A_Breakout,d3-b,15,2,false,1,17,866.664651778788,0.77,0.815,9.2,3,182.4565,0.885,1.5,false
rs-main,e505e54bf501,pcbench-RGBMatrixPanelCPLD-PhotonBackpack_RGBMatrixPanel_CPLD_negative,d3-c,59,2,true,0,0,999.99666090944,39.379999999999995,39.587,15.2,17,1236.9316,1.2564,0.2982,false
rs-main,e505e54bf501,pcbench-RGBMatrixPanelCPLD-PhotonBackpack_RGBMatrixPanel_CPLD_positive,d3-c,59,2,true,0,0,999.99666095136,47.78,48.008,15.1,17,1236.9054,1.2564,0.2982,false
rs-main,e505e54bf501,pcbench-RPi-PWM-Fan-interface_RPi PWM Fan interface,d3-a,12,2,true,0,0,999.99870582,0.04,0.064,8.1,0,64.709,1.5122,,false
rs-main,e505e54bf501,pcbench-RX5808_diversityModule,d3-b,34,2,true,0,0,999.9977834298114,29.25,29.413,11.8,11,624.7822,1.3846,0.1774,false
rs-main,e505e54bf501,pcbench-RX5808_rx5808_4button,d3-c,53,2,false,1,0,992.1816045745313,21.8,21.951,26.2,54,1073.0723,1.1588,0.8438,false
rs-main,e505e54bf501,pcbench-Raspberry-Pi-Soft-Power-Controller_Switching Supply TPS563208 MCI,d3-a,7,2,false,0,6,929.4058696741176,0.16,0.214,8.9,7,151.0777,1.411,0.3889,false
rs-main,e505e54bf501,pcbench-Raspberry-Pi-Soft-Power-Controller_Zero Current Soft Power,d3-a,9,2,true,0,0,999.9965322794119,0.35,0.365,10.0,5,339.5125,1.4063,1.0,false
rs-main,e505e54bf501,pcbench-ReST32_ReST RRD-FGC-Adapter,d3-b,23,2,true,0,0,999.9952776158824,3.1999999999999997,3.27,12.4,17,755.6106,1.1537,0.8095,false
rs-main,e505e54bf501,pcbench-ReST32_ReST SD-Module,d3-a,8,2,true,0,0,999.9931298552941,1.23,1.266,13.0,14,467.9246,1.5326,1.2727,false
rs-main,e505e54bf501,pcbench-Retro1DecodingModules_AddressDecoderModule,d3-b,33,4,true,0,0,999.9966476828571,0.76,0.815,11.4,1,536.6555,1.0222,1.0,false
rs-main,e505e54bf501,pcbench-RoBoC_CameraAdaptor,d3-b,22,2,true,0,0,999.9936920873333,0.48,0.515,9.0,5,696.1869,0.9868,0.3125,false
rs-main,e505e54bf501,pcbench-RoBoC_RoboticsMKII,d3-c,106,2,false,3,31,961.3372283736974,131.36999999999998,131.986,66.8,108,3298.2353,0.9073,0.7941,false
rs-main,e505e54bf501,pcbench-S1G-Mod_JST_Adapter,d3-b,21,2,true,0,0,999.99702293,0.14,0.164,8.3,0,59.5414,0.2496,0.0,false
rs-main,e505e54bf501,pcbench-S4A-Mini-board_s4a-mini-board,d3-b,29,2,true,0,0,999.9951219103847,1.84,1.868,20.2,4,1068.3033,1.0907,4.0,false
rs-main,e505e54bf501,pcbench-SMDBreakouts_smd_breakout,d3-b,16,2,false,0,72,774.99736854,0.5,0.515,9.6,12,242.0672,0.8728,,false
rs-main,e505e54bf501,pcbench-SMDBreakouts_smd_breakout_quad,d3-b,16,2,false,0,72,774.99736854,0.82,0.866,9.6,12,242.0672,0.8728,,false
rs-main,e505e54bf501,pcbench-SNAP-Badge_SNAP_badge,d3-c,115,2,false,47,1,863.1838634499131,248.75,249.933,67.9,85,3585.5489,0.7045,0.3172,false
rs-main,e505e54bf501,pcbench-STM32F303_LQFP48_STM32_LQFP48,d3-c,46,2,false,0,2,995.0545085212345,19.67,19.801,31.7,38,1024.0489,0.9374,0.95,false
rs-main,e505e54bf501,pcbench-STM32F373_LQFP48_STM32_LQFP48,d3-c,46,2,true,0,0,999.994400947229,60.69,60.979,27.3,26,1023.6069,0.9406,0.6341,false
rs-main,e505e54bf501,pcbench-Shift-in-32-HC165_shift-in,d3-b,42,2,true,0,0,999.9980401905682,6.34,6.426,16.2,3,1574.6323,0.9168,,false
rs-main,e505e54bf501,pcbench-Shift-out-32-HC595_Shift-out,d3-b,42,2,false,1,0,994.3773152539326,11.18,11.285,19.2,54,1489.424,1.0119,3.375,false
rs-main,e505e54bf501,pcbench-SimpleCPLD_SimpleCPLD,d3-b,42,2,false,2,13,936.1040983091667,18.96,19.1,23.4,36,724.6087,1.0595,1.2,false
rs-main,e505e54bf501,pcbench-SmartLaserCO2-PCB_LaserPointer,d3-a,3,2,true,0,0,999.9966769266666,0.0,0.016,7.9,0,49.8461,1.0,,false
rs-main,e505e54bf501,pcbench-SmartLaserCO2-PCB_OptAdjust,d3-a,4,2,true,0,0,999.9973555566667,0.01,0.032,8.0,0,79.3333,1.0075,0.0,false
rs-main,e505e54bf501,pcbench-SmartLaserCO2-PCB_WaterCool,d3-a,2,2,true,0,0,999.9971822075,0.03,0.064,8.3,0,112.7117,1.0066,0.0,false
rs-main,e505e54bf501,pcbench-Solare-BQ24210_Solare-BQ24210,d3-a,12,2,false,0,8,942.8559199514286,0.23,0.264,9.1,1,121.2068,0.5409,0.0192,false
rs-main,e505e54bf501,pcbench-SparkSwitch_SparkProtectionSwitch,d3-a,7,2,true,0,0,999.9968168075001,0.22,0.265,8.6,4,181.9831,0.519,0.0556,false
rs-main,e505e54bf501,pcbench-Starburst-One_alpha,d3-b,20,2,true,0,0,999.9980123109999,0.98,1.017,8.5,2,98.7689,0.9158,0.5,false
rs-main,e505e54bf501,pcbench-Starling_Starling_V1,d3-c,43,2,false,1,19,939.2321578068354,29.099999999999998,29.273,24.6,39,1347.6663,0.8607,0.6724,false
rs-main,e505e54bf501,pcbench-Starling__autosave-Starling WiPSU ver_0.1,d3-b,17,2,false,2,0,959.1809067371429,3.69,3.771,15.9,6,377.8494,0.8183,0.8571,false
rs-main,e505e54bf501,pcbench-SynthDrumTrigger_Synth Drum Trigger,d3-b,18,2,false,1,0,980.3904540737254,1.04,1.066,9.5,0,434.2112,1.3949,,false
rs-main,e505e54bf501,pcbench-TB6600StepperDriver_DEW_TB6600-V1,d3-c,58,2,false,24,0,853.6565765221952,41.55,41.751,53.9,3,1457.2518,0.5325,0.15,false
rs-main,e505e54bf501,pcbench-TLPHnodeV2_TLPHnodeV2,d3-b,23,2,false,1,19,949.9972225458334,12.43,12.539,23.3,18,433.178,1.3159,0.6667,false
rs-main,e505e54bf501,pcbench-TMC261-stepstick_TMC261-stepstick-v1.1,d3-c,87,2,false,14,46,904.1277189027272,86.62,87.08,48.5,51,2910.1277,0.9541,0.4766,false
rs-main,e505e54bf501,pcbench-TX5823_TX5823,d3-c,116,4,false,3,2,987.9396859539717,131.05,131.665,57.9,70,1542.8049,1.0115,0.5072,false
rs-main,e505e54bf501,pcbench-Teensy-3.5-Breakout-Boaard_PropShield_Uno,d3-c,62,2,false,1,0,969.6880465612121,3.26,3.323,18.5,8,1072.3174,0.9289,2.0,false
rs-main,e505e54bf501,pcbench-Teensy-3.5-Breakout-Boaard_TeensyMegaIoShield,d3-c,84,2,false,6,0,971.0092209992271,71.88,72.254,41.4,44,3256.2658,0.9599,1.6923,false
rs-main,e505e54bf501,pcbench-Teensy-3.5-Breakout-Boaard_Test,d3-c,54,2,true,0,0,999.9987953142858,0.79,0.815,9.3,0,843.28,0.8683,0.0,false
rs-main,e505e54bf501,pcbench-Teensy-Hats_Teensy-7-Segment-Hat,d3-b,23,2,true,0,0,999.9976560916667,1.06,1.116,8.7,2,181.269,1.2618,0.6667,false
rs-main,e505e54bf501,pcbench-Teensy-Hats_Teensy-LCD-LiDAR-Hat,d3-b,27,2,true,0,0,999.9952779722448,0.71,0.772,10.9,8,756.8968,1.317,1.1429,false
rs-main,e505e54bf501,pcbench-TeensyProtoboard_TeensyProtoboard,d3-b,38,2,true,0,0,999.9989279946219,1.2,1.266,11.4,2,537.8432,0.9642,,false
rs-main,e505e54bf501,pcbench-ThinkerShield_ThinkerShield,d3-b,29,2,true,0,0,999.9965138045976,9.91,9.982,14.9,10,1016.495,1.1602,0.2941,false
rs-main,e505e54bf501,pcbench-TinyTracker_ub-minimal,d3-b,42,4,false,4,70,888.1957778264597,36.0,36.176,18.7,36,598.8497,0.9102,0.2748,false
rs-main,e505e54bf501,pcbench-ToslinkCNC_Toslink PlanetCNC ECO shield,d3-b,16,2,false,1,0,961.5302223261538,1.68,1.717,14.2,2,971.0976,0.7691,0.0606,false
rs-main,e505e54bf501,pcbench-ToslinkCNC__autosave-ToslinkCNC_OneAxis,d3-b,39,2,false,8,19,904.8344356675806,25.830000000000002,25.96,25.4,32,1049.8861,0.7699,0.5161,false
rs-main,e505e54bf501,pcbench-ToslinkCNC_toslink_arduino_shield,d3-b,24,2,false,3,0,961.5310996807693,8.209999999999999,8.281,19.5,24,1671.1245,0.7448,0.2963,false
rs-main,e505e54bf501,pcbench-TripleDelay2399_TripleDelay2399,d3-c,90,2,true,0,0,999.9982707351561,3.69,3.721,18.8,1,2163.459,1.1363,0.0238,false
rs-main,e505e54bf501,pcbench-ULPI-Pmod_ULPI-Pmod,d3-b,31,2,false,2,16,919.9953616298461,18.82,18.95,19.8,19,557.4703,1.2525,1.7273,false
rs-main,e505e54bf501,pcbench-UProgrammer-Hardware_Programmer,d3-c,65,2,false,20,18,875.1285498194709,72.49000000000001,72.86,43.4,38,1620.4206,0.8817,0.4872,false
rs-main,e505e54bf501,pcbench-UltrasonicSystem_Schematic,d3-c,86,2,false,0,16,981.8123369306818,9.91,9.984,31.5,35,3393.501,1.0083,3.5,false
rs-main,e505e54bf501,pcbench-UniversalBoard4Nucleo_Nucleo_Universal_Board,d3-c,79,2,false,1,0,991.4508688452992,2.56,2.619,14.9,0,1241.7255,0.9825,0.0,false
rs-main,e505e54bf501,pcbench-Usb-Serial-Breakout-Cp2102_cp2102,d3-b,18,2,false,3,10,791.6621281900001,3.85,3.921,13.5,8,144.6172,0.9754,0.6667,false
rs-main,e505e54bf501,pcbench-VC4000MultiROM_MultiRomCard,d3-c,131,2,false,3,10,978.0632508081578,28.97,29.126,43.3,31,6344.0787,1.0233,0.2348,false
rs-main,e505e54bf501,pcbench-VM-sensor-PT1000_vm-sensor-pt100,d3-a,11,2,false,2,0,959.9967090755999,2.91,2.972,11.5,9,372.7311,0.7222,0.2045,false
rs-main,e505e54bf501,pcbench-WHCS-Base-Station_base-station,d3-c,43,2,false,0,15,976.5548689621875,16.509999999999998,16.603,20.5,42,2783.8642,1.0983,0.3889,false
rs-main,e505e54bf501,pcbench-WS2811LEDMatrix_matrixcontrol,d3-b,42,2,false,0,27,952.206046540354,26.44,26.619,33.7,43,1433.7047,1.0635,1.72,false
rs-main,e505e54bf501,pcbench-WeatherSpot_vreg_pressure,d3-a,7,2,false,0,4,933.3306779533333,0.05,0.065,7.8,2,59.3228,0.7387,,false
rs-main,e505e54bf501,pcbench-WordClock_v2.0_WordClock_v2,d3-b,27,2,true,0,0,999.9918155864001,0.62,0.665,9.7,30,546.1034,0.788,,false
rs-main,e505e54bf501,pcbench-Youyue-858D-plus-MCU-adapter_youyue-858d-plus-mcu-adapter,d3-b,27,2,true,0,0,999.9989403211382,0.79,0.816,10.1,4,451.7025,1.0279,,false
rs-main,e505e54bf501,pcbench-abus-cfa1000-display-grabber_acs-display-grabber,d3-c,55,2,true,0,0,999.9885704015287,19.62,19.767,25.4,112,3372.2348,0.9427,1.2308,false
rs-main,e505e54bf501,pcbench-airqualitystation_hardware,d3-b,21,2,true,0,0,999.9949798283784,1.46,1.517,14.4,24,657.4635,1.3812,0.75,false
rs-main,e505e54bf501,pcbench-akuhei_akuhei,d3-b,25,2,false,2,0,944.4395924344445,4.4399999999999995,4.523,14.9,12,273.3618,0.9308,0.8571,false
rs-main,e505e54bf501,pcbench-analog_esr_meter_esr_meter_rev_a,d3-b,30,2,true,0,0,999.9984708153982,0.58,0.615,15.8,1,813.9893,1.1395,1.0,false
rs-main,e505e54bf501,pcbench-anima_MotorDrive,d3-c,80,2,true,0,0,999.995054436063,7.13,7.177,19.5,30,1640.4331,1.08,0.6522,false
rs-main,e505e54bf501,pcbench-antdroid-board_antdroid-board,d3-c,93,1,false,22,0,841.7246620325179,12.04,12.133,42.3,0,1359.8874,1.2251,0.0,false
rs-main,e505e54bf501,pcbench-apa102lantern_apa102-lantern-side,d3-b,20,2,true,0,0,999.9930086666666,0.63,0.665,12.4,18,568.18,1.1016,,false
rs-main,e505e54bf501,pcbench-arduino-led-driver_arduino-led-driver,d3-c,78,2,false,2,101,920.1395019266907,80.53,80.909,50.5,77,2242.3219,1.0681,0.531,false
rs-main,e505e54bf501,pcbench-arduino_arduino leds,d3-b,23,2,true,0,0,999.9966535958333,0.63,0.665,13.5,1,753.137,1.0281,,false
rs-main,e505e54bf501,pcbench-atmegax8-protoboard_atmegax8-protoboard,d3-b,27,2,true,0,0,999.9984349038095,1.56,1.579,10.1,0,328.6702,1.2278,0.0,false
rs-main,e505e54bf501,pcbench-atmel-programmer_atmel_programmer,d3-c,77,2,true,0,0,999.9953371969231,0.62,0.665,10.9,0,909.2466,1.1574,0.0,false
rs-main,e505e54bf501,pcbench-audio_relay_input_switch_relay_switch,d3-b,22,2,false,0,3,985.3623382107318,3.4699999999999998,3.52,15.5,3,570.6668,1.0374,1.0,false
rs-main,e505e54bf501,pcbench-audprog_audprog_v2,d3-b,37,2,true,0,0,999.9954048986207,1.9,1.969,11.9,25,748.8691,1.0698,2.7778,false
rs-main,e505e54bf501,pcbench-autohat-board_inverted-usd-adapter,d3-a,8,2,true,0,0,999.992873315,0.04,0.064,8.2,1,235.0674,1.0036,,false
rs-main,e505e54bf501,pcbench-autohat-board_usd-adapter,d3-a,8,2,false,2,3,674.9899795575001,0.58,0.615,9.3,4,200.8177,0.7467,0.5,false
rs-main,e505e54bf501,pcbench-avr-fuser-32_adapter,d3-b,20,2,false,5,6,960.7531367620253,50.21,50.454,38.1,3,4871.958,0.8411,0.0207,false
rs-main,e505e54bf501,pcbench-avr_ledprojector_avr_ledprojection,d3-c,104,2,false,2,26,958.8522896794285,11.94,12.039,33.2,62,1146.5305,0.91,1.8235,false
rs-main,e505e54bf501,pcbench-avr_ledprojector_avr_ledprojection-0402,d3-c,104,2,false,2,59,921.5864327793182,36.9,37.078,36.1,62,839.1542,1.0668,1.0,false
rs-main,e505e54bf501,pcbench-badge2016_Badge_init,d3-a,10,2,true,0,0,999.9988152673809,27.18,27.315,13.5,1,447.5877,0.9763,1.0,false
rs-main,e505e54bf501,pcbench-balena-rover-wide-hat_resin-rover,d3-c,94,2,false,0,57,948.1775917428181,20.59,20.701,31.9,53,1999.0829,1.1871,0.9636,false
rs-main,e505e54bf501,pcbench-basic_esp_board_basic_esp_board,d3-b,29,2,false,1,4,978.5645922221428,8.79,8.881,22.9,34,1171.2667,1.0535,0.9714,false
rs-main,e505e54bf501,pcbench-beast-phat_beast-phat,d3-b,42,2,false,0,5,976.1883215609523,1.28,1.316,13.9,2,352.4722,1.0886,0.2857,false
rs-main,e505e54bf501,pcbench-bee-light-measurement-matrix_bee-light-measurement-matrix,d3-c,61,2,false,1,0,993.9356332952727,6.430000000000001,6.479,30.1,17,2252.5314,0.9024,1.0,false
rs-main,e505e54bf501,pcbench-beer-gauge_sensorboard,d3-a,7,2,false,0,1,994.8702055497436,4.51,4.572,10.4,2,209.9178,1.2673,0.1053,false
rs-main,e505e54bf501,pcbench-beryl_rain_beryl_rain,d3-a,13,2,false,0,1,995.4480337086363,1.83,1.868,11.1,19,482.5841,1.0297,1.1176,false
rs-main,e505e54bf501,pcbench-bikedar_bikedar,d3-c,45,4,false,0,61,911.5912465736233,12.889999999999999,12.991,31.2,26,739.8642,0.7828,0.1699,false
rs-main,e505e54bf501,pcbench-blackmagic-isolated_mmp,d3-c,58,2,false,1,28,929.0261261195699,22.16,22.303,25.1,44,651.3544,1.2307,1.0,false
rs-main,e505e54bf501,pcbench-bldc-gimbal-1d_gimbal-board,d3-b,33,2,false,0,38,909.5177536566666,3.11,3.17,14.1,33,893.4642,1.1721,0.6735,false
rs-main,e505e54bf501,pcbench-blinky-badge_blinky,d3-a,12,2,true,0,0,999.9981794919148,33.04,33.215,11.7,7,505.6388,1.2249,0.7778,false
rs-main,e505e54bf501,pcbench-bms-8s50-ic_bms-8s50-ic,d3-c,143,2,false,48,35,877.7742275912,309.54999999999995,311.025,63.2,103,2837.9198,0.9967,0.4039,false
rs-main,e505e54bf501,pcbench-bmw-ibus-bluetooth_bmw_bt_cdcemu_analog,d3-b,29,2,false,1,2,982.9248933368293,4.75,4.823,35.0,8,393.7319,1.2744,,false
rs-main,e505e54bf501,pcbench-bmw-ibus-bluetooth_bmw_bt_cdcemu_digital,d3-c,65,2,true,0,0,999.99731250208,3.84,3.921,16.5,15,929.6862,1.1919,1.25,false
rs-main,e505e54bf501,pcbench-board_armjtag_pmod_compatible_armjtag-pmod,d3-a,12,2,true,0,0,999.9980973075862,0.11,0.164,8.4,0,275.8904,1.1731,,false
rs-main,e505e54bf501,pcbench-boards_shift-register-demo-v2,d3-b,27,2,true,0,0,999.9969416934211,1.12,1.166,13.4,0,1162.1565,1.2458,0.0,false
rs-main,e505e54bf501,pcbench-boatcontrol_CommonCathode60A,d3-b,33,2,false,98,0,228.3447658248819,5.66,5.727,13.2,3,923.7012,0.2549,,false
rs-main,e505e54bf501,pcbench-boatcontrol_NonLatchingNO30A,d3-c,49,2,false,23,0,732.5521295069768,31.65,31.821,40.5,11,2034.312,0.3584,,false
rs-main,e505e54bf501,pcbench-bobc_LCD-panel-adapter-lvc,d3-b,25,2,false,2,20,853.6513582487805,6.55,6.625,16.4,14,771.559,0.9203,1.5556,false
rs-main,e505e54bf501,pcbench-bobc_MS-F100,d3-c,52,2,false,14,37,808.9250849401785,43.93,44.145,29.4,21,902.4335,0.8927,0.913,false
rs-main,e505e54bf501,pcbench-bobc_led_clock,d3-b,37,2,false,0,17,977.3262105170666,17.330000000000002,17.445,32.2,58,2442.1122,1.0072,2.2308,false
rs-main,e505e54bf501,pcbench-bobc_matrix_clock,d3-c,95,2,false,22,1,879.9904620736216,76.64999999999999,77.065,47.7,80,4822.5819,0.8601,1.3333,false
rs-main,e505e54bf501,pcbench-bpnode-bb_BPnode-BB,d3-b,18,2,false,1,3,961.8992460661905,3.8099999999999996,3.87,18.1,15,408.3261,0.876,0.5556,false
rs-main,e505e54bf501,pcbench-breakout-boards_50-to-100,d3-a,10,2,true,0,0,999.993739794,0.44,0.465,8.7,4,113.0103,1.0024,1.0,false
rs-main,e505e54bf501,pcbench-breakout-boards_avr-isp-x2,d3-a,6,2,true,0,0,999.99859423,0.18,0.214,7.9,0,42.1731,1.0222,,false
rs-main,e505e54bf501,pcbench-breakout-boards_esp8266-jtag,d3-b,24,2,false,0,50,791.6626726866666,1.19,1.216,11.7,11,408.5552,1.1848,1.5714,false
rs-main,e505e54bf501,pcbench-breakout-boards_swd-and-uart,d3-a,12,2,true,0,0,999.9959177672727,0.47,0.515,9.1,2,124.5228,1.3081,0.3333,false
rs-main,e505e54bf501,pcbench-breakout-boards_swd-to-wires,d3-a,9,2,false,1,0,888.8867869488888,0.43,0.465,8.7,0,94.5873,1.3567,0.0,false
rs-main,e505e54bf501,pcbench-bristle_bot_light_follow_bristle_bot,d3-a,9,2,false,1,0,952.3777481838096,0.64,0.665,9.4,0,336.4407,1.4994,,false
rs-main,e505e54bf501,pcbench-busblaster-to-swd_busblaster-to-swd,d3-a,10,2,true,0,0,999.9969763282759,0.59,0.615,9.7,4,238.4324,0.9338,0.8,false
rs-main,e505e54bf501,pcbench-bypass_crossmix_bypass_crossmix,d3-c,44,2,false,12,14,878.6847047813114,11.57,11.683,29.4,24,1130.0834,0.738,0.2791,false
rs-main,e505e54bf501,pcbench-can_firewall_hardware_CAN_Firewall,d3-c,138,2,false,138,0,0.0,0.0,360.001,0.0,0,0.0,,,true
rs-main,e505e54bf501,pcbench-cdm324_backpack_cdm324,d3-b,18,2,true,0,0,999.9977880411111,6.83,6.876,10.9,7,247.2289,1.1365,0.5385,false
rs-main,e505e54bf501,pcbench-ciurlys_ciurlys,d3-a,12,2,false,7,0,794.1149212135294,6.4799999999999995,6.576,13.6,6,163.3937,0.6279,0.6667,false
rs-main,e505e54bf501,pcbench-clock_lcdb4,d3-b,21,2,false,1,0,984.3695322281251,4.74,4.772,19.2,10,1249.687,0.9069,10.0,false
rs-main,e505e54bf501,pcbench-cnlohr_wiflier,d3-b,38,2,false,36,0,755.1000736782313,66.13,66.443,31.8,19,495.8465,0.6156,0.2235,false
rs-main,e505e54bf501,pcbench-cnlohr_wiflier_B,d3-b,40,2,false,35,0,778.479003968481,80.64,81.026,30.8,22,486.8649,0.6048,0.2444,false
rs-main,e505e54bf501,pcbench-continuity-tester_continuity-tester,d3-a,10,2,false,1,11,893.3299518033334,1.27,1.316,9.3,6,207.2295,1.3634,6.0,false
rs-main,e505e54bf501,pcbench-cookiecutter-xsproduct_{{cookiecutter.product_name}},d3-a,10,2,false,1,0,937.497894005,0.43,0.466,10.1,0,168.4796,1.5193,,false
rs-main,e505e54bf501,pcbench-crossover-schiit-stack_xover4schiit,d3-a,3,2,true,0,0,999.9962035066666,0.1,0.125,8.0,0,170.8422,2.2022,,false
rs-main,e505e54bf501,pcbench-custom_cpu--ALU_custom_cpu--ALU,d3-c,46,2,true,0,0,999.9944234819277,2.08,2.119,15.9,9,1864.255,0.986,0.1667,false
rs-main,e505e54bf501,pcbench-custom_cpu--register_custom_cpu--register,d3-b,39,2,true,0,0,999.9964262070271,5.05,5.123,13.9,0,1322.3034,0.986,0.0,false
rs-main,e505e54bf501,pcbench-data-manager_data-manager,d3-c,75,2,false,1,31,926.5230807904081,9.75,9.834,28.2,50,1190.4127,1.1713,0.8065,false
rs-main,e505e54bf501,pcbench-decelerator4030_decelerator4030,d3-c,206,2,false,206,0,0.0,0.0,360.001,0.0,0,0.0,,,true
rs-main,e505e54bf501,pcbench-denbit_basic,d3-b,31,2,true,0,0,999.9971033930233,1.85,1.868,10.4,0,622.7705,0.9945,0.0,false
rs-main,e505e54bf501,pcbench-deskbot_breakout,d3-c,43,2,false,2,0,941.1734435482352,1.37,1.417,15.4,4,314.5968,0.9378,1.0,false
rs-main,e505e54bf501,pcbench-devttys0_IRis,d3-b,15,2,false,0,3,988.4586861923077,0.96,1.016,10.7,9,291.59,2.2002,2.25,false
rs-main,e505e54bf501,pcbench-digital_clock_led_clock_3_and_4_digit,d3-c,86,2,false,0,3,997.6234073720157,11.37,11.443,40.6,31,4839.6744,0.9103,0.5849,false
rs-main,e505e54bf501,pcbench-digital_clock_led_clock_v1,d3-c,78,2,false,1,13,985.6513761482072,8.399999999999999,8.479,61.0,43,5372.934,0.8759,0.6515,false
rs-main,e505e54bf501,pcbench-disco-dongle_DiscoDongle,d3-b,30,2,false,0,35,872.7231202934546,7.54,7.629,16.8,13,491.9193,1.9238,0.7647,false
rs-main,e505e54bf501,pcbench-divergence_meter_dm_control,d3-c,83,2,false,8,59,924.7106298117872,31.27,31.432,49.3,75,1771.7975,0.7374,0.2308,false
rs-main,e505e54bf501,pcbench-domotics_base-board-arranged,d3-c,192,2,false,0,6,997.3670117014004,49.31,49.567,44.8,36,14578.2623,0.9651,,false
rs-main,e505e54bf501,pcbench-dorkyboard_keyboard,d3-c,146,2,false,5,107,968.188706357494,302.97999999999996,304.412,171.6,65,13618.6164,1.1257,0.9559,false
rs-main,e505e54bf501,pcbench-drawduino_drawduino,d3-a,8,2,true,0,0,999.9953769942856,0.08,0.114,9.5,2,223.6104,1.6064,,false
rs-main,e505e54bf501,pcbench-dust_sensor_dust_sensor,d3-b,41,2,false,1,29,913.9162795283544,19.790000000000003,19.902,24.8,35,1319.5863,1.0402,0.8974,false
rs-main,e505e54bf501,pcbench-dustbox_Dustbox,d3-a,13,2,true,0,0,999.9962603128572,0.08,0.114,8.8,0,261.7781,0.9249,,false
rs-main,e505e54bf501,pcbench-eBUS-Adapter_Groeger,d3-a,13,2,true,0,0,999.9981495851852,0.13,0.164,9.3,0,249.806,0.8398,,false
rs-main,e505e54bf501,pcbench-eeg_brainboard_batteryv0,d3-b,36,2,false,5,18,945.2196775566879,50.03,50.262,49.3,26,1253.118,1.1718,0.6667,false
rs-main,e505e54bf501,pcbench-eink-adapter_eink,d3-c,53,2,false,33,0,784.3106986657516,90.04,90.525,49.7,18,1415.5207,0.6059,0.2951,false
rs-main,e505e54bf501,pcbench-epapercard_epapercard,d3-c,55,2,false,6,2,943.3557146530973,32.73,32.926,31.7,45,1771.221,1.0444,1.125,false
rs-main,e505e54bf501,pcbench-esp-leipa_esp-12,d3-b,22,2,true,0,0,999.9925231782609,1.04,1.066,11.9,9,409.8345,0.9855,0.5,false
rs-main,e505e54bf501,pcbench-esp-serial-terminal_esp-com,d3-b,22,2,false,0,18,938.9786692298305,1.69,1.717,12.0,14,592.5772,0.8956,1.4,false
rs-main,e505e54bf501,pcbench-esp12-appliance_mod_esp12-appliance-mod,d3-b,30,2,false,0,13,960.6016420966666,0.75,0.765,12.2,14,758.1081,1.2078,0.5385,false
rs-main,e505e54bf501,pcbench-esp12-breakout_ESP12Breakout,d3-b,22,2,false,0,3,976.9215095538461,0.34,0.365,9.8,0,203.758,1.0143,0.0,false
rs-main,e505e54bf501,pcbench-esp32-ethernet_esp32-ethernet,d3-c,54,2,false,2,1,981.348894833051,29.529999999999998,29.724,31.3,57,1302.0485,0.9886,0.9344,false
rs-main,e505e54bf501,pcbench-esp32stack_esp32stack,d3-c,68,2,true,0,0,999.9961558644898,42.699999999999996,42.949,17.5,15,1133.6264,0.9693,0.2459,false
rs-main,e505e54bf501,pcbench-esp8266_32x32panel_esp_12_f_595,d3-b,41,2,false,1,0,991.7281717824794,21.57,21.705,24.2,56,1656.0716,1.0364,1.5556,false
rs-main,e505e54bf501,pcbench-esp8266_32x32panel_esp_12_f_595_ORDERED,d3-b,41,2,false,1,0,991.7281717824794,17.450000000000003,17.545,24.3,56,1656.0716,1.0364,1.5556,false
rs-main,e505e54bf501,pcbench-esp8266_envmonitor_environment-monitor,d3-a,12,2,false,2,4,919.9955474108572,2.5,2.569,10.0,10,279.2031,1.2994,1.4286,false
rs-main,e505e54bf501,pcbench-esp8266_envmonitor_environment-monitor-1.2,d3-b,27,2,false,0,2,987.4953990006248,0.54,0.565,10.3,7,386.1599,1.1789,1.75,false
rs-main,e505e54bf501,pcbench-esp8266_envmonitor_environment-monitor-1.4,d3-a,12,2,false,2,4,919.9955474108572,2.35,2.418,10.3,10,279.2031,1.2994,1.4286,false
rs-main,e505e54bf501,pcbench-esp8266_link_test_esp_micro85-only,d3-a,13,2,false,5,20,785.7139119861905,4.71,4.777,11.9,0,78.4829,0.6079,,false
rs-main,e505e54bf501,pcbench-esp8266_network_speaker_esp_network_speaker,d3-b,31,2,true,0,0,999.9957767414141,33.11,33.296,14.9,29,640.513,0.9837,0.8056,false
rs-main,e505e54bf501,pcbench-esp8266_wi07_3_adapter_esp,d3-a,11,2,false,0,13,826.6637783813333,0.15,0.164,8.1,2,116.6214,1.0079,0.3333,false
rs-main,e505e54bf501,pcbench-espalarm_alarm,d3-b,29,2,false,0,85,831.6759880067327,4.32,4.371,19.5,36,1826.0566,0.9286,0.4235,false
rs-main,e505e54bf501,pcbench-espeverywhere__autosave-espeverywhere_breakout,d3-a,8,2,false,0,18,549.9878362275,0.15,0.164,8.3,7,136.5509,1.2793,,false
rs-main,e505e54bf501,pcbench-espionage_esplight,d3-b,26,2,false,0,7,961.1060932455556,0.6,0.615,9.5,10,403.2158,0.9039,0.7143,false
rs-main,e505e54bf501,pcbench-everled_everled,d3-a,8,2,true,0,0,999.997535943,0.67,0.715,8.6,2,146.4057,1.1431,,false
rs-main,e505e54bf501,pcbench-ezusb-logicanalyzer_cypress_logic_analyzer,d3-c,51,2,true,0,0,999.9956819044444,0.49,0.515,9.6,6,477.2572,1.1145,1.5,false
rs-main,e505e54bf501,pcbench-f.60_keyboard,d3-c,81,2,true,0,0,999.9955586707526,3.6,3.671,32.1,0,4130.4362,0.9805,0.0,false
rs-main,e505e54bf501,pcbench-fan_controller_fan_controller,d3-c,43,2,false,0,21,963.4745320547825,3.9,3.923,15.8,26,844.0685,1.5807,1.1304,false
rs-main,e505e54bf501,pcbench-fifogfx_c64cart,d3-c,44,2,false,3,0,971.1458006071155,10.41,10.503,23.3,29,2733.6843,0.8517,,false
rs-main,e505e54bf501,pcbench-filament_extruder_sensor,d3-a,11,1,false,0,12,885.7093611980952,0.32,0.365,9.0,3,367.0742,0.776,,false
rs-main,e505e54bf501,pcbench-fingerprint-with-esp32_quet van tay,d3-b,42,2,true,0,0,999.9922255126316,0.34,0.415,12.7,5,488.5763,0.8683,0.8333,false
rs-main,e505e54bf501,pcbench-firefly-jar_solar_lamp,d3-a,10,2,false,1,0,949.9973150989999,0.5,0.515,9.6,0,268.4901,0.94,,false
rs-main,e505e54bf501,pcbench-fp2_extension_sample_fp2_usb_breakout,d3-a,5,2,false,1,6,633.3286655066667,0.15,0.164,8.3,2,40.0348,1.4118,1.0,false
rs-main,e505e54bf501,pcbench-free-of-charge_BMS,d3-c,121,2,false,20,93,863.6001896508128,99.04,99.502,72.3,80,1731.6441,0.9065,1.0811,false
rs-main,e505e54bf501,pcbench-freeDSP-CLASSIC-SMD-BALANCED_FreeDSP_BAL,d3-c,148,2,false,14,80,936.4375330794915,183.57999999999998,184.427,96.6,73,3771.9324,1.1155,1.2807,false
rs-main,e505e54bf501,pcbench-freeUSBi_USBi_Programmer,d3-c,46,2,true,0,0,999.9967001657143,1.11,1.166,11.6,3,542.9652,0.8773,0.2727,false
rs-main,e505e54bf501,pcbench-gdrom_adapter_board_adapter,d3-c,44,2,false,2,0,981.6404176689908,40.0,40.24,32.5,56,3172.3704,0.8769,2.0741,false
rs-main,e505e54bf501,pcbench-gepetto_circuito,d3-b,26,2,true,0,0,999.9958688523077,0.69,0.715,10.6,2,974.0984,0.7662,0.0625,false
rs-main,e505e54bf501,pcbench-guitar_fret,d3-b,39,2,false,0,31,937.9925437254,13.219999999999999,13.298,26.4,54,1028.1373,0.9087,0.9818,false
rs-main,e505e54bf501,pcbench-gwurrbus_pwm,d3-b,31,2,true,0,0,999.9972023139474,0.46,0.515,13.7,0,1063.1207,1.2937,,false
rs-main,e505e54bf501,pcbench-hackaday_esp-14_power_meter__autosave-esp-14,d3-b,22,2,true,0,0,999.9976207481818,0.09,0.114,8.2,2,161.7177,1.005,,false
rs-main,e505e54bf501,pcbench-hackyflasher_Flasher,d3-a,8,2,false,1,0,937.4924780337499,0.57,0.615,12.3,0,601.7573,0.8989,0.0,false
rs-main,e505e54bf501,pcbench-hardware-designs_c-trigger,d3-a,7,2,true,0,0,999.99808156,0.02,0.032,8.0,0,86.3298,1.7448,,false
rs-main,e505e54bf501,pcbench-hardware-designs_m-trigger,d3-a,4,2,true,0,0,999.9973335024999,0.03,0.064,8.0,0,106.6599,3.2458,,false
rs-main,e505e54bf501,pcbench-hardware-designs_nixie-combo,d3-c,67,2,true,0,0,999.9929448160397,5.12,5.174,15.6,14,2862.8679,0.9826,0.4,false
rs-main,e505e54bf501,pcbench-hardware-designs_nixie-power,d3-a,10,2,false,0,5,974.3539903112821,0.23,0.264,9.3,10,471.8893,1.5476,2.0,false
rs-main,e505e54bf501,pcbench-hardware-designs_soil-moisture-sensor,d3-a,11,2,true,0,0,999.993581497931,0.59,0.615,10.3,10,430.6828,1.3126,5.0,false
rs-main,e505e54bf501,pcbench-hardware-designs_solar-harvester,d3-a,9,2,false,0,1,992.5889944696296,0.25,0.264,8.8,5,235.7466,0.9924,1.6667,false
rs-main,e505e54bf501,pcbench-hardware-designs_spsgrf-board,d3-a,8,2,true,0,0,999.9916522840001,0.18,0.214,8.6,5,167.3858,0.7135,0.7143,false
rs-main,e505e54bf501,pcbench-headstage-adapter_headstage adapter,d3-c,66,4,false,1,70,863.6216959785455,99.89,100.418,29.2,124,1867.2118,1.0748,15.5,false
rs-main,e505e54bf501,pcbench-helmholtz-servo_CurrentServo,d3-c,52,2,false,1,22,975.3379601856622,14.79,14.893,38.9,48,2533.5967,1.0378,1.1429,false
rs-main,e505e54bf501,pcbench-hm-mod-rpi-rtc_hm-mod-rpi-rtc,d3-b,18,2,false,0,3,987.2312838425532,0.89,0.916,11.1,6,348.297,1.2869,0.5,false
rs-main,e505e54bf501,pcbench-hw_trials_demo,d3-b,36,2,false,1,6,975.5499429973333,7.31,7.377,19.2,30,1025.6512,0.8657,1.3043,false
rs-main,e505e54bf501,pcbench-hwstar_ac-power-monitor,d3-b,35,2,false,1,13,966.3496091014954,8.07,8.127,19.0,37,1109.1307,1.1358,0.925,false
rs-main,e505e54bf501,pcbench-icehat_icehat,d3-c,74,4,false,11,2,914.9213047644776,98.16,98.603,50.9,30,1225.8078,0.9797,0.7317,false
rs-main,e505e54bf501,pcbench-imfr-schematics_Telescopio,d3-b,32,2,true,0,0,999.9951100850909,0.87,0.916,15.8,0,1344.7266,0.9014,,false
rs-main,e505e54bf501,pcbench-induction-hob_temperature-sender,d3-b,29,2,false,3,12,937.2050847074419,5.97,6.026,27.9,24,613.5758,0.8817,1.6,false
rs-main,e505e54bf501,pcbench-jadonk_PocketBone,d3-c,385,2,false,48,6,756.4343424813862,196.12,197.112,48.5,9,864.0938,0.6632,0.0596,false
rs-main,e505e54bf501,pcbench-jdy-08-board_jdy-08,d3-b,24,2,false,1,35,724.133715655862,1.5,1.566,10.2,4,411.2299,0.9855,4.0,false
rs-main,e505e54bf501,pcbench-juno-chorus-clone_juno-chorus-clone,d3-c,107,2,false,1,3,994.6804855705648,24.069999999999997,24.205,53.4,29,4419.2163,1.0424,2.9,false
rs-main,e505e54bf501,pcbench-karabas-nano_karabas-nano-revA,d3-c,148,2,false,68,116,849.2487691610909,316.52,318.047,70.3,304,7273.2877,0.7528,0.7005,false
rs-main,e505e54bf501,pcbench-karabas-nano_karabas-nano-revB,d3-c,156,2,false,156,0,0.0,0.0,360.001,0.0,0,0.0,,,true
rs-main,e505e54bf501,pcbench-karabas-nano_karabas-nano-revC,d3-c,189,2,false,95,1,857.4782763185627,356.6,358.282,73.5,308,7157.096,0.7026,0.5212,false
rs-main,e505e54bf501,pcbench-karabas-nano_karabas-nano-revG,d3-c,206,2,false,116,0,817.3162834751495,315.08,316.602,64.2,288,6399.9664,0.6281,0.3711,false
rs-main,e505e54bf501,pcbench-karabas-nano_wifi_revA,d3-c,73,2,false,0,9,914.281498755238,0.4,0.415,10.2,3,292.6307,1.0958,0.1,false
rs-main,e505e54bf501,pcbench-kassenautomat.mdb-interface_mdb-interface,d3-c,73,2,false,0,68,917.0683659792684,9.35,9.434,33.8,36,2139.897,0.7538,0.9,false
rs-main,e505e54bf501,pcbench-kicad-guitar-preamp_Preamp-Instructables,d3-a,6,2,true,0,0,999.9982667423529,0.05,0.072,8.7,0,147.3269,1.7719,,false
rs-main,e505e54bf501,pcbench-kicad-projects_BatCharge,d3-a,9,2,false,0,4,963.6324984809091,0.41,0.465,8.6,6,125.1671,1.5823,0.6,false
rs-main,e505e54bf501,pcbench-kicad-projects_ili9341-breakout,d3-b,18,2,false,3,0,833.3251856288888,1.28,1.316,10.5,10,233.2934,0.8947,,false
rs-main,e505e54bf501,pcbench-kicad_bbb-melzi,d3-a,9,2,true,0,0,999.9958259504,0.44,0.465,9.5,2,421.7562,1.0613,,false
rs-main,e505e54bf501,pcbench-kika-in-space_DS8500,d3-b,14,2,false,0,10,954.5435046472727,0.51,0.565,9.3,4,228.9776,1.4717,1.0,false
rs-main,e505e54bf501,pcbench-kika-in-space_analog-test-board,d3-a,13,2,false,0,19,873.3302730906667,0.44,0.465,9.8,6,159.0364,1.6486,,false
rs-main,e505e54bf501,pcbench-kit2-led-cube_led_cube,d3-b,23,2,true,0,0,999.9979986390385,179.35,180.178,21.7,2,940.7077,1.6422,0.0385,false
rs-main,e505e54bf501,pcbench-kitspace_12V5A_breakout,d3-a,3,2,true,0,0,999.9979761845455,0.1,0.114,9.6,0,222.6197,1.7097,,false
rs-main,e505e54bf501,pcbench-kitspace_12_24_boost_converter,d3-a,10,2,true,0,0,999.9979962974193,0.15,0.164,10.3,0,310.5739,1.2711,,false
rs-main,e505e54bf501,pcbench-kitspace_40-channel-hv-switching-board,d3-c,207,2,false,8,21,979.794013811755,312.85,314.29,108.1,296,7278.2885,1.027,0.6245,false
rs-main,e505e54bf501,pcbench-kitspace_4_switch_array,d3-b,16,2,true,0,0,999.99747533,0.09,0.114,9.8,0,302.9604,1.2692,,false
rs-main,e505e54bf501,pcbench-kitspace_8_switch_array,d3-b,32,2,true,0,0,999.9978560370371,0.33,0.365,11.7,0,578.87,1.3057,,false
rs-main,e505e54bf501,pcbench-kitspace_BQ25570_Harvester,d3-a,13,2,false,6,2,881.4800416162964,9.6,9.685,16.2,5,138.7636,0.7153,0.5,false
rs-main,e505e54bf501,pcbench-kitspace_CH330,d3-a,11,2,false,2,3,891.664843605,2.42,2.469,10.8,3,68.7674,1.4946,0.75,false
rs-main,e505e54bf501,pcbench-kitspace_CO2,d3-b,27,2,false,0,18,959.996676699111,6.4399999999999995,6.475,17.3,15,745.4854,1.3949,0.4286,false
rs-main,e505e54bf501,pcbench-kitspace_DIY_detector,d3-a,12,1,false,0,4,983.6718076195918,2.7,2.769,12.6,0,407.1332,1.3949,0.0,false
rs-main,e505e54bf501,pcbench-kitspace_Lcr_addon,d3-b,21,2,true,0,0,999.9963842496,0.58,0.615,12.3,2,803.9376,1.2164,0.25,false
rs-main,e505e54bf501,pcbench-kitspace_Minisumo_V2.1,d3-b,33,2,false,1,0,979.1579739670833,12.42,12.538,24.6,21,1036.2479,0.6492,0.2727,false
rs-main,e505e54bf501,pcbench-kitspace_OSO-BOOK-C1,d3-b,41,2,false,5,34,917.4762484383217,60.85,61.184,40.7,45,2232.3666,1.1625,0.5921,false
rs-main,e505e54bf501,pcbench-kitspace_OtterScreen,d3-b,34,2,false,0,17,971.8970530385124,9.37,9.432,18.3,31,732.9117,1.3792,0.2793,false
rs-main,e505e54bf501,pcbench-kitspace_PSLab,d3-c,114,4,false,3,81,943.3564486308555,118.46,119.009,78.2,153,3169.5707,0.9324,0.8793,false
rs-main,e505e54bf501,pcbench-kitspace_Potentiometer_mount_4LED,d3-a,12,2,true,0,0,999.9948778875,0.05,0.064,8.5,0,204.8845,0.9778,,false
rs-main,e505e54bf501,pcbench-kitspace_Potentiometer_mount_8LED,d3-a,12,2,true,0,0,999.991733855,0.19,0.214,10.5,0,330.6458,0.3083,,false
rs-main,e505e54bf501,pcbench-kitspace_RPi_shield,d3-b,32,2,false,1,0,954.542492889091,0.38,0.415,8.9,0,325.7822,1.6258,,false
rs-main,e505e54bf501,pcbench-kitspace_T32_ref,d3-c,73,2,false,0,15,978.0930464855473,41.61,41.817,29.6,84,2063.1574,1.0181,0.6774,false
rs-main,e505e54bf501,pcbench-kitspace_USB-C-Screen-Adapter,d3-c,75,4,false,4,10,969.844096300402,143.20000000000002,143.898,71.1,81,1074.1811,1.1276,0.4629,false
rs-main,e505e54bf501,pcbench-kitspace_USB-C-Screen-Adapter-LDR6023SS,d3-c,48,2,true,0,0,999.995169224706,13.819999999999999,13.889,27.7,48,884.9272,1.382,0.3117,false
rs-main,e505e54bf501,pcbench-kitspace__autosave-nunchuk_breakout,d3-a,8,2,true,0,0,999.9986881252173,1.0,1.068,8.9,0,150.8656,2.2122,0.0,false
rs-main,e505e54bf501,pcbench-kitspace_aquarius,d3-c,63,2,true,0,0,999.9935960657309,27.18,27.365,30.3,61,2425.3638,1.1125,0.3506,false
rs-main,e505e54bf501,pcbench-kitspace_ardfpga,d3-c,84,2,false,9,54,905.2557517843062,91.2,91.602,52.0,106,2439.3854,1.0879,0.5699,false
rs-main,e505e54bf501,pcbench-kitspace_beehive,d3-b,39,2,true,0,0,999.9958346291139,1.14,1.166,13.7,0,1645.3215,1.1607,,false
rs-main,e505e54bf501,pcbench-kitspace_dropbot-front-panel,d3-c,143,2,false,4,0,980.4722968040975,220.19,221.212,80.8,157,8045.7758,0.9781,0.6916,false
rs-main,e505e54bf501,pcbench-kitspace_dropbot_control_board,d3-c,101,2,false,6,57,942.9469239651803,67.51,67.845,55.0,61,2890.9531,1.2126,0.3987,false
rs-main,e505e54bf501,pcbench-kitspace_dynamixel_shield,d3-b,40,2,false,5,8,905.7104064888572,5.22,5.275,22.4,11,807.7289,0.9489,0.55,false
rs-main,e505e54bf501,pcbench-kitspace_esp8266,d3-a,10,2,true,0,0,999.9976845747169,0.74,0.765,11.8,0,613.5877,0.8587,0.0,false
rs-main,e505e54bf501,pcbench-kitspace_flypi,d3-c,60,2,true,0,0,999.9928514870148,103.03,103.518,21.7,46,2489.5037,1.118,0.6053,false
rs-main,e505e54bf501,pcbench-kitspace_flypi_v2,d3-c,44,2,true,0,0,999.9956652441758,2.0799999999999996,2.118,16.1,2,1872.3139,1.3646,,false
rs-main,e505e54bf501,pcbench-kitspace_gas_sensor,d3-a,7,2,true,0,0,999.9979241234784,0.1,0.114,9.2,0,238.7258,1.2515,,false
rs-main,e505e54bf501,pcbench-kitspace_grove_adaptor,d3-a,4,2,true,0,0,999.9991167950001,0.0,0.016,7.8,0,17.6641,1.0317,,false
rs-main,e505e54bf501,pcbench-kitspace_hbridge_driver,d3-b,19,2,true,0,0,999.9980733809837,0.45,0.515,13.5,0,587.6188,1.3743,,false
rs-main,e505e54bf501,pcbench-kitspace_hp_led_switch,d3-b,20,2,true,0,0,999.9974446000001,0.24,0.264,10.3,0,562.188,1.3227,,false
rs-main,e505e54bf501,pcbench-kitspace_hum_temp_sensor,d3-a,6,2,true,0,0,999.9981760780001,0.03,0.064,8.6,0,91.1961,1.0972,,false
rs-main,e505e54bf501,pcbench-kitspace_ideal_diode,d3-a,11,2,true,0,0,999.9991991053846,6.54,6.576,10.3,2,212.3489,2.6727,0.6667,false
rs-main,e505e54bf501,pcbench-kitspace_ir_sensor,d3-a,5,2,true,0,0,999.9934785542856,0.02,0.032,8.6,0,228.2506,1.7231,,false
rs-main,e505e54bf501,pcbench-kitspace_led_driver,d3-b,14,2,true,0,0,999.9972017815385,4.46,4.522,13.1,2,627.5368,1.2505,0.3333,false
rs-main,e505e54bf501,pcbench-kitspace_level_shifter,d3-a,11,2,true,0,0,999.9974378313515,1.5,1.517,10.3,0,474.0012,1.2571,,false
rs-main,e505e54bf501,pcbench-kitspace_minisumo_v3,d3-c,56,2,false,2,0,986.386071927211,35.519999999999996,35.733,37.0,73,2587.1335,1.0719,1.0,false
rs-main,e505e54bf501,pcbench-kitspace_nunchuk_breakout,d3-a,8,2,true,0,0,999.9986010533332,1.34,1.366,10.1,0,167.8736,2.4303,0.0,false
rs-main,e505e54bf501,pcbench-kitspace_peltier,d3-b,22,2,false,1,0,985.0727288343284,1.77,1.819,14.4,0,635.8405,1.2299,,false
rs-main,e505e54bf501,pcbench-kitspace_piezo_amplifier,d3-b,29,2,false,2,0,972.9610927091892,8.08,8.179,18.9,17,3545.6976,,,false
rs-main,e505e54bf501,pcbench-kitspace_pmt_combiner,d3-b,17,2,false,0,13,925.7109637188571,0.22,0.264,11.1,0,581.3492,0.8595,0.0,false
rs-main,e505e54bf501,pcbench-kitspace_power_supply,d3-a,7,2,true,0,0,999.997915982,0.11,0.164,10.9,0,312.6027,1.7859,,false
rs-main,e505e54bf501,pcbench-kitspace_sensor,d3-c,54,2,false,2,128,854.7308084088421,37.51,37.737,55.0,73,2082.0116,1.0406,0.8022,false
rs-main,e505e54bf501,pcbench-kitspace_solenoid_driver,d3-a,13,2,true,0,0,999.9976250303226,0.17,0.215,9.5,0,368.1203,1.3452,,false
rs-main,e505e54bf501,pcbench-kitspace_spike_n_hold,d3-b,33,2,true,0,0,999.9974464957778,0.68,0.717,13.9,1,1099.0769,1.1013,0.5,false
rs-main,e505e54bf501,pcbench-kitspace_sympetrum-v2%20NFF1.1,d3-c,85,2,false,14,56,780.8644616213912,58.46,58.782,35.2,42,834.5677,0.7619,1.5,false
rs-main,e505e54bf501,pcbench-kitspace_teensy-fx,d3-c,90,4,false,5,53,920.3971753962245,198.24,199.207,93.3,144,3568.1117,1.0144,1.2522,false
rs-main,e505e54bf501,pcbench-kitspace_temp_breakout,d3-a,4,2,true,0,0,999.997449826,0.11,0.164,8.9,0,255.0174,1.4817,,false
rs-main,e505e54bf501,pcbench-kitspace_threeboard,d3-c,43,2,false,0,23,961.3397559946219,5.5,5.581,19.2,31,1295.1832,1.0988,2.3846,false
rs-main,e505e54bf501,pcbench-kitspace_training_board_v02,d3-c,69,2,true,0,0,999.9978025063566,1.81,1.867,15.3,0,1417.3834,1.2224,,false
rs-main,e505e54bf501,pcbench-kitspace_trans_switch_volt_amp,d3-c,109,2,true,0,0,999.9955299933333,0.22,0.264,11.4,0,804.6012,1.3496,,false
rs-main,e505e54bf501,pcbench-kitspace_tt_nano_HAT_b1,d3-b,24,2,true,0,0,999.9980448008333,0.23,0.264,9.4,0,469.2478,1.2354,,false
rs-main,e505e54bf501,pcbench-kitspace_tt_nano_HAT_b2,d3-b,32,2,false,1,0,982.1406568939286,3.0799999999999996,3.12,12.7,0,616.0697,0.9637,,false
rs-main,e505e54bf501,pcbench-kitspace_tt_opt101_module_b1,d3-a,5,2,true,0,0,999.9983821885714,0.03,0.064,8.3,0,56.6234,1.5982,,false
rs-main,e505e54bf501,pcbench-klangorium_logic_noise_playground,d3-c,163,2,true,0,0,999.9976371229928,6.3,6.375,24.3,16,4173.8561,1.3234,4.0,false
rs-main,e505e54bf501,pcbench-komputer-klavier_KomputerKlavier,d3-c,45,2,true,0,0,999.9981394963218,0.55,0.565,11.2,1,759.3191,1.143,0.2,false
rs-main,e505e54bf501,pcbench-led-wordclock_wordclock,d3-c,80,2,false,7,87,850.301587441595,36.190000000000005,36.385,37.0,54,1506.2351,0.765,1.4211,false
rs-main,e505e54bf501,pcbench-led_array_atmega8_led_array,d3-b,33,2,true,0,0,999.9976044615624,1.73,1.768,22.1,0,1533.1446,0.8884,0.0,false
rs-main,e505e54bf501,pcbench-light-painting-wand_light-wand,d3-c,64,2,false,0,42,883.3285467416667,4.94,5.024,15.8,24,523.173,1.429,0.96,false
rs-main,e505e54bf501,pcbench-linklayer_contact,d3-c,61,2,false,1,32,913.9492798281395,8.87,8.933,11.8,22,709.6739,0.9061,1.0,false
rs-main,e505e54bf501,pcbench-low-power-counter_lpcounter,d3-a,11,2,true,0,0,999.9976861785456,5.63,5.675,13.9,0,636.3009,1.3247,0.0,false
rs-main,e505e54bf501,pcbench-m2-electronics_m2fc,d3-c,211,2,false,15,207,922.418474467758,343.73,345.197,56.8,108,3445.3097,1.1894,0.3518,false
rs-main,e505e54bf501,pcbench-m2-electronics_m2pogo,d3-a,4,2,false,0,4,799.99737998,0.0,0.016,8.0,0,52.4004,1.0462,,false
rs-main,e505e54bf501,pcbench-m2-electronics_m2r,d3-c,79,2,false,0,37,965.090459543868,20.51,20.615,25.6,56,1312.8835,1.0789,0.4706,false
rs-main,e505e54bf501,pcbench-m2-electronics_m2rl,d3-b,29,2,false,0,2,992.8547758589284,0.69,0.715,12.0,7,312.7595,1.0389,0.7778,false
rs-main,e505e54bf501,pcbench-mac-pro-conversion_front-panel-power-adapter,d3-b,36,2,true,0,0,999.9986972826667,0.37,0.415,10.1,0,195.4076,1.0709,0.0,false
rs-main,e505e54bf501,pcbench-magic-table_etch-a-sketch_cyclone,d3-b,24,2,false,1,0,981.4783855066667,1.55,1.617,11.3,1,785.9132,1.287,,false
rs-main,e505e54bf501,pcbench-makerspace-emonth_resistor_board,d3-b,16,2,false,1,0,974.9958156295,3.5999999999999996,3.672,19.9,0,836.8741,0.9946,0.0,false
rs-main,e505e54bf501,pcbench-marlin-neopixel-bridge_ATtiny85_Marneo,d3-a,9,2,false,3,0,812.4987731312501,0.28,0.315,8.5,0,98.1495,0.7536,,false
rs-main,e505e54bf501,pcbench-mavbridge_mavbridge,d3-b,20,2,true,0,0,999.9941403275,3.7199999999999998,3.772,12.8,27,525.0952,1.0949,0.7941,false
rs-main,e505e54bf501,pcbench-maytal_Maytal,d3-b,42,2,false,1,0,949.994146524,0.64,0.665,12.1,2,485.3476,1.3622,,false
rs-main,e505e54bf501,pcbench-mdbwerk_mdbwerk,d3-b,29,2,false,7,6,904.6473864497674,22.86,23.017,23.9,23,473.8266,0.9054,0.6765,false
rs-main,e505e54bf501,pcbench-mearm-base-pcb_ServoPCB,d3-a,6,2,true,0,0,999.9920241614286,1.26,1.316,12.0,3,408.3087,1.2797,1.5,false
rs-main,e505e54bf501,pcbench-mechkeys_lfk78-jtag,d3-a,10,2,true,0,0,999.997628484,0.09,0.114,8.3,0,118.5758,0.9131,,false
rs-main,e505e54bf501,pcbench-medusa_medusa_rs422_rx,d3-b,33,2,false,0,35,927.8315461061856,2.12,2.168,12.9,21,650.1385,1.3072,0.525,false
rs-main,e505e54bf501,pcbench-memory-display_memory-display,d3-b,35,2,true,0,0,999.9972634204878,0.27,0.314,9.9,1,510.9988,1.2546,0.1111,false
rs-main,e505e54bf501,pcbench-memsarray_mems_array,d3-c,143,2,false,1,0,995.9082694722448,47.36,47.602,62.5,73,8719.8965,1.3331,0.5069,false
rs-main,e505e54bf501,pcbench-microphone_preamp,d3-a,12,2,true,0,0,999.9960954906977,0.56,0.615,9.2,10,339.4695,1.055,0.4,false
rs-main,e505e54bf501,pcbench-mightyduino_mightyduino,d3-c,44,2,false,7,0,912.4928495669999,47.6,47.853,24.0,39,910.1732,0.9112,1.2188,false
rs-main,e505e54bf501,pcbench-mini_ice40_mini_ice40,d3-c,83,2,false,0,80,874.9945237700001,16.05,16.141,23.4,51,954.7872,1.4866,0.8095,false
rs-main,e505e54bf501,pcbench-miniboard-opamp_miniboard-opamp,d3-b,17,2,false,0,2,990.4716163104761,7.17,7.232,11.0,13,310.5748,0.8682,0.3824,false
rs-main,e505e54bf501,pcbench-miniboard-stm32f0_miniboard-stm32f0,d3-b,21,2,false,0,9,971.8693357725,15.86,15.94,18.5,25,562.5528,0.9648,0.6757,false
rs-main,e505e54bf501,pcbench-mobile-sensor-pcb_mobile-sensor-pcb,d3-c,169,2,false,1,4,991.8858253795495,83.85000000000001,84.239,54.8,67,3383.8287,0.9602,0.5492,false
rs-main,e505e54bf501,pcbench-mojo-nes_mojo-nes,d3-c,72,2,false,9,0,878.3720255954055,14.76,14.841,21.7,17,1500.5297,0.8526,0.7391,false
rs-main,e505e54bf501,pcbench-motor-3xdrv8833-hw_ver1,d3-c,73,2,false,1,136,855.3767407945642,54.440000000000005,54.735,37.9,107,2327.7253,0.8713,0.9068,false
rs-main,e505e54bf501,pcbench-mppt-2420-hc_mppt-2420-hc,d3-c,99,2,false,0,23,985.3921000146665,38.26,38.489,55.9,80,3442.4769,1.3555,0.2837,false
rs-main,e505e54bf501,pcbench-mppt-2420-hpx_mppt-2420-hpx,d3-c,156,2,false,3,25,980.1437549538462,114.22,114.789,98.6,105,5083.768,1.3758,0.3832,false
rs-main,e505e54bf501,pcbench-nRF24breakoutBoard_nRF24-breakout,d3-a,8,2,true,0,0,999.9979721340001,0.09,0.114,8.6,0,101.3933,0.7678,,false
rs-main,e505e54bf501,pcbench-nanoSwinSidC_nanoSwinSidC,d3-b,27,2,false,4,10,884.6092677661538,20.92,21.057,19.4,22,490.3808,0.9957,0.7586,false
rs-main,e505e54bf501,pcbench-navelino-leaf_navelino-leaf,d3-a,11,2,false,1,3,944.8211676806895,76.42,76.721,51.2,13,280.6863,0.8571,0.8125,false
rs-main,e505e54bf501,pcbench-nextbusclock_NextBusClockV1,d3-c,54,2,true,0,0,999.9954267823377,2.24,2.318,14.9,4,1560.6888,1.0448,,false
rs-main,e505e54bf501,pcbench-nikon_gps_nikon_gps,d3-b,23,2,false,2,42,817.53994048,5.859999999999999,5.926,18.5,16,316.9632,1.3663,0.5161,false
rs-main,e505e54bf501,pcbench-nixie-clock_ab18x5-breakout,d3-b,17,2,true,0,0,999.9987232736842,1.06,1.117,9.3,0,121.289,1.0041,0.0,false
rs-main,e505e54bf501,pcbench-nodemcu-backstage_NodeMCU Backstage,d3-b,27,2,true,0,0,999.9976576707692,0.32,0.365,9.3,5,359.0056,1.4391,1.25,false
rs-main,e505e54bf501,pcbench-nodemcu-basecamp_NodeMCU Basecamp,d3-b,33,2,false,0,9,990.5234372463158,7.449999999999999,7.534,20.0,29,1284.616,1.2607,0.7073,false
rs-main,e505e54bf501,pcbench-nrf2rfm69_nrf2rfm69,d3-b,15,2,false,1,0,916.6591396283334,0.81,0.866,9.7,6,151.6223,1.1965,1.0,false
rs-main,e505e54bf501,pcbench-nunchuk_rf_hw_NunchukRF_V3,d3-b,40,2,false,5,26,902.8523306586667,48.74,48.967,29.3,32,926.4042,0.7869,0.6038,false
rs-main,e505e54bf501,pcbench-oled-bmp280-touch_oled-bmp280-touch,d3-b,33,2,false,0,1,989.9945456959999,0.54,0.565,9.9,0,545.4304,1.3017,0.0,false
rs-main,e505e54bf501,pcbench-one-shift-register_one-shift-register,d3-c,51,2,true,0,0,999.9977140260606,0.99,1.015,12.0,0,377.1857,1.611,,false
rs-main,e505e54bf501,pcbench-onion2-breakout_onion2 breakout,d3-c,45,2,true,0,0,999.9961628648388,0.77,0.815,10.1,12,589.5119,0.9344,0.8571,false
rs-main,e505e54bf501,pcbench-opentilt_opentilt2,d3-b,18,2,false,1,0,958.3300246091666,0.55,0.565,8.8,0,397.0469,0.9494,0.0,false
rs-main,e505e54bf501,pcbench-oshtimer_transponder,d3-a,7,2,true,0,0,999.9980540783333,0.71,0.766,8.7,1,66.7553,0.8619,,false
rs-main,e505e54bf501,pcbench-ottawa-badges-2016_ottawa-badge-tagger-2016,d3-a,11,2,false,0,4,973.3270611086666,0.43,0.466,9.3,13,290.8337,1.1705,2.6,false
rs-main,e505e54bf501,pcbench-ozinverter_ozinverterkicad,d3-c,45,2,false,1,0,993.0525855090277,3.3,3.37,30.9,0,2138.4335,1.0168,,false
rs-main,e505e54bf501,pcbench-pcb-covox-amp-v2_pcb-covox-amp-v2,d3-c,45,2,false,1,0,991.99290174832,6.81,6.88,14.8,59,1486.4073,1.2054,2.95,false
rs-main,e505e54bf501,pcbench-pcb-covox-amp_pcb-covox-amp,d3-b,32,2,false,1,0,987.3355180498734,8.61,8.68,16.5,33,820.3703,1.3462,16.5,false
rs-main,e505e54bf501,pcbench-pcb-ks0108-128x64-glcd_circuit,d3-b,22,2,false,6,1,870.8286072475,6.640000000000001,6.727,14.4,16,334.2606,1.0601,1.2308,false
rs-main,e505e54bf501,pcbench-pcb-usb-ft245r-parallel-adapter_pcb-usb-ft245r-parallel-adapter,d3-b,27,2,true,0,0,999.996839019375,6.19,6.278,11.0,12,411.5138,1.3124,1.3333,false
rs-main,e505e54bf501,pcbench-pesho_pesho,d3-c,66,2,false,0,2,996.6356477984873,1.95,2.017,16.2,5,1539.5599,0.8216,0.0199,false
rs-main,e505e54bf501,pcbench-phone_rtty_interface_phone_rtty_rev_a,d3-b,22,2,true,0,0,999.9985477019671,0.29,0.314,12.5,0,442.9509,1.3884,,false
rs-main,e505e54bf501,pcbench-phone_rtty_interface_phone_rtty_rev_b,d3-b,24,2,false,1,0,985.0729943832836,0.86,0.915,14.9,1,496.8816,1.3771,,false
rs-main,e505e54bf501,pcbench-photon_Sprinkler_sprinkler,d3-b,28,2,false,0,2,989.7385497620512,0.32,0.365,10.1,5,732.7964,0.9447,2.5,false
rs-main,e505e54bf501,pcbench-pi-zero-stepper-board_pi-zero-stepper-board,d3-c,66,2,false,1,0,989.5794332329166,3.8,3.872,26.8,5,1622.0482,1.0362,,false
rs-main,e505e54bf501,pcbench-pi_plant_MCP3002,d3-b,17,2,true,0,0,999.9979339066667,0.13,0.165,9.3,0,216.9398,1.2074,,false
rs-main,e505e54bf501,pcbench-pico-pi-rel_pico-pi,d3-c,122,4,false,1,94,911.2071151832287,67.75999999999999,68.097,36.7,58,1166.5707,1.1467,0.299,false
rs-main,e505e54bf501,pcbench-pocketbone-kicad_pocketbone-kicad,d3-c,74,2,false,45,10,758.9729806882052,154.12,154.851,50.1,11,793.829,0.6093,0.0728,false
rs-main,e505e54bf501,pcbench-ponyser-pcb_Ponyser,d3-a,11,2,false,0,1,989.9978906999999,0.08,0.114,8.5,2,110.93,0.8997,,false
rs-main,e505e54bf501,pcbench-prog-cc-100mA_prog-cc-100mA,d3-b,24,2,false,7,0,893.9378117869697,2.48,2.518,12.6,0,522.1103,1.0101,,false
rs-main,e505e54bf501,pcbench-pulse_v1_pulse,d3-a,13,2,false,2,0,928.5682646828571,3.09,3.12,14.4,6,142.9444,0.9501,0.8571,false
rs-main,e505e54bf501,pcbench-pwm-2420-lus_pwm-2420-lus,d3-c,87,2,false,8,37,950.9507063572612,75.89,76.265,86.8,88,2991.0191,1.1475,0.2904,false
rs-main,e505e54bf501,pcbench-radio_antenna-iridium,d3-b,24,2,true,0,0,999.9992116378048,30.450000000000003,30.621,13.9,0,323.2285,0.6204,0.0,false
rs-main,e505e54bf501,pcbench-raspberry_pi_pullup_button_pullup_shutdown_button,d3-a,4,2,true,0,0,999.9978991159999,0.1,0.114,8.1,0,52.5221,0.9302,0.0,false
rs-main,e505e54bf501,pcbench-raspberry_pi_pullup_button_pullup_shutdown_button(revB),d3-a,4,2,true,0,0,999.9971976520001,0.49,0.515,8.5,0,70.0587,1.2563,0.0,false
rs-main,e505e54bf501,pcbench-rc2014_bank_switcher_z80_cpm_mmu,d3-b,32,2,false,1,0,981.8141502319999,3.4899999999999998,3.52,18.5,1,1058.6862,0.9499,0.0385,false
rs-main,e505e54bf501,pcbench-recalbox-gpio-board__autosave-board,d3-b,29,2,true,0,0,999.9952273514522,43.42,43.651,44.7,33,4101.0415,1.286,0.6226,false
rs-main,e505e54bf501,pcbench-recalbox-gpio-board_board,d3-b,29,2,false,1,0,995.8462459551038,18.34,18.449,46.4,29,3823.6241,1.199,0.5472,false
rs-main,e505e54bf501,pcbench-retrocon_bbb-adapter,d3-c,104,2,false,0,5,983.047160418644,0.73,0.765,13.7,3,937.6765,1.1298,0.6,false
rs-main,e505e54bf501,pcbench-retrocon_driver_board,d3-b,42,2,true,0,0,999.9972243422222,0.5,0.565,10.9,0,874.3322,1.1102,0.0,false
rs-main,e505e54bf501,pcbench-retroreflectors_TANGOFLOCK,d3-a,6,2,true,0,0,999.9982167157143,0.13,0.164,8.0,0,124.8299,1.1271,,false
rs-main,e505e54bf501,pcbench-rfcx-sentinel-pcb_Mainboard,d3-c,74,2,false,0,155,864.0296763450878,17.990000000000002,18.099,25.9,82,2068.9666,1.0216,1.3443,false
rs-main,e505e54bf501,pcbench-rfidBoard_rfid,d3-b,34,2,true,0,0,999.9970842462295,0.96,1.016,10.3,12,289.3049,0.4243,0.1791,false
rs-main,e505e54bf501,pcbench-rgb-led_rgb-led-v2,d3-b,34,2,false,2,0,969.2277223316923,1.6,1.667,16.7,2,890.2422,1.0482,1.0,false
rs-main,e505e54bf501,pcbench-rgb-strip-controller__autosave-rgb-strip,d3-b,16,2,true,0,0,999.997833582564,0.36,0.415,10.1,0,422.4514,1.2508,0.0,false
rs-main,e505e54bf501,pcbench-rgb2ypbpr_rgb2ypbpr,d3-b,27,2,true,0,0,999.9973314815094,30.03,30.174,23.1,1,1364.3148,1.2314,0.0769,false
rs-main,e505e54bf501,pcbench-rjw57_cpu-board,d3-c,119,2,false,0,133,912.7749152757377,128.28,128.916,63.4,198,8354.2045,1.0558,0.6226,false
rs-main,e505e54bf501,pcbench-roomba-ESP12E_roomba-esp,d3-b,25,2,false,0,1,995.2315756561904,0.94,0.965,11.0,14,669.1122,0.8202,1.5556,false
rs-main,e505e54bf501,pcbench-rotary-encoder-breakout_rotary-encoder-breakout,d3-a,5,2,true,0,0,999.9964694433334,0.5,0.515,8.2,2,111.8334,0.8823,0.4,false
rs-main,e505e54bf501,pcbench-royer_royer,d3-a,10,2,false,1,0,979.1635222866666,1.52,1.573,9.9,7,404.6512,1.3951,,false
rs-main,e505e54bf501,pcbench-rufs__autosave-simple_kicad_schema_and_pcb_v1,d3-a,3,2,true,0,0,999.99664166,0.0,0.008,7.9,0,50.3751,0.8801,,false
rs-main,e505e54bf501,pcbench-rufs_aprs_tracker,d3-b,33,2,true,0,0,999.99716083975,11.06,11.138,14.4,5,885.6641,0.8279,0.1923,false
rs-main,e505e54bf501,pcbench-rufs_dra818v_breakout_board,d3-a,11,2,true,0,0,999.9941435588889,0.23,0.264,8.8,5,277.0797,0.9424,1.6667,false
rs-main,e505e54bf501,pcbench-rufs_simple_kicad_schema_and_pcb_v1,d3-a,3,2,true,0,0,999.99664166,0.0,0.016,7.9,0,50.3751,0.8801,,false
rs-main,e505e54bf501,pcbench-rufs_smart_psu,d3-b,21,2,false,1,20,905.6560808856605,2.34,2.37,14.3,15,388.5653,0.9338,2.5,false
rs-main,e505e54bf501,pcbench-rufs_spv1040_power_controller,d3-a,10,2,true,0,0,999.9981889282051,3.58,3.62,9.6,2,253.159,1.0331,0.1818,false
rs-main,e505e54bf501,pcbench-rxadc_14_rxadc_14,d3-c,51,4,false,0,54,914.9575325549606,9.629999999999999,9.732,21.8,25,716.8276,1.6048,0.8065,false
rs-main,e505e54bf501,pcbench-scimpy_amp,d3-b,32,2,false,2,0,977.7743089751111,4.289999999999999,4.322,36.7,0,1560.9612,1.1084,0.0,false
rs-main,e505e54bf501,pcbench-scimpy_crossover,d3-b,21,2,true,0,0,999.9976464172548,1.03,1.066,13.0,0,600.1636,1.083,,false
rs-main,e505e54bf501,pcbench-scimpy_powersupply,d3-a,5,2,true,0,0,999.9972483094117,0.04,0.064,9.4,0,233.8937,0.813,,false
rs-main,e505e54bf501,pcbench-scimpy_volumebuffer,d3-b,23,2,true,0,0,999.9978575176119,1.05,1.116,12.8,0,717.7316,1.3204,,false
rs-main,e505e54bf501,pcbench-sensorboard_DiffIR,d3-a,13,2,false,1,14,881.2472089637499,0.96,1.016,13.6,4,246.5658,0.7928,4.0,false
rs-main,e505e54bf501,pcbench-sensorboard_DiffIR.kicad_pcb_narrow,d3-a,13,2,false,0,11,931.24683874625,0.32,0.365,9.4,5,255.8006,0.8783,5.0,false
rs-main,e505e54bf501,pcbench-shutter_Shutter V4,d3-b,32,2,false,3,0,948.2733235703448,1.67,1.717,12.5,2,636.1646,0.9244,0.2222,false
rs-main,e505e54bf501,pcbench-sms-cart-32k_cart,d3-b,28,2,true,0,0,999.9892651645715,2.79,2.821,12.4,18,978.5962,0.9086,4.5,false
rs-main,e505e54bf501,pcbench-smt-zvs-driver_IH10-sl,d3-a,7,2,true,0,0,999.9982847560001,2.2,2.268,10.7,1,250.1677,0.6703,0.0135,false
rs-main,e505e54bf501,pcbench-snappi-zero_snappi-zero,d3-a,11,2,true,0,0,999.9967621484849,9.77,9.839,11.4,1,484.2455,1.3907,0.0909,false
rs-main,e505e54bf501,pcbench-soil-moisture-sensor-analog_analog-moist-sensor,d3-b,18,2,false,0,34,880.6977808031579,1.36,1.416,11.7,16,332.4711,1.0229,0.8421,false
rs-main,e505e54bf501,pcbench-solar-lanterns_proto1,d3-a,8,2,true,0,0,999.9972786514285,0.35,0.365,8.9,2,185.7416,1.0078,,false
rs-main,e505e54bf501,pcbench-sonic3_feram_adapter_sonic3_feram_adapter,d3-b,28,2,false,0,8,952.9364423629412,10.03,10.133,11.2,11,254.7983,1.3509,1.0,false
rs-main,e505e54bf501,pcbench-spisolator_spisolator,d3-a,12,2,false,0,4,974.1884228767741,0.99,1.015,9.6,11,244.4541,1.0204,1.1,false
rs-main,e505e54bf501,pcbench-split-pcb-throughole_splanck throughhole,d3-c,48,2,false,0,2,994.8012652509091,0.56,0.615,15.0,1,1462.8784,1.007,0.1111,false
rs-main,e505e54bf501,pcbench-srambo_1_srambo_1,d3-c,94,2,false,2,112,815.1381231825758,63.919999999999995,64.236,35.7,106,3538.6995,1.0165,2.7179,false
rs-main,e505e54bf501,pcbench-ssr-wifi_adapter,d3-b,27,2,true,0,0,999.9962351943999,0.7,0.767,10.8,4,741.2014,1.1789,1.0,false
rs-main,e505e54bf501,pcbench-starfish_starfish,d3-c,47,2,false,14,21,837.4965829432143,45.33,45.557,27.2,26,613.5518,0.6313,0.325,false
rs-main,e505e54bf501,pcbench-starsynctrackers_reset_switch,d3-a,7,2,true,0,0,999.99708805,0.07,0.114,8.2,2,74.717,0.8937,,false
rs-main,e505e54bf501,pcbench-stlinkv2_breakout_stlink_breakout,d3-a,6,2,false,1,0,941.1757162788234,0.11,0.164,7.8,0,64.1163,0.9819,0.0,false
rs-main,e505e54bf501,pcbench-stm32_ccd_camera_ccd,d3-c,43,2,false,4,74,815.680463055098,29.01,29.169,28.5,47,613.8419,0.9379,1.3824,false
rs-main,e505e54bf501,pcbench-stubby_hex,d3-c,58,2,false,3,35,938.6454903272394,27.580000000000002,27.723,35.3,50,1425.3833,0.9351,1.6129,false
rs-main,e505e54bf501,pcbench-sv650sds_sds_tool,d3-b,40,2,true,0,0,999.9970842136843,0.25,0.264,9.9,5,303.9994,1.3361,2.5,false
rs-main,e505e54bf501,pcbench-tbd_tbd,d3-b,16,2,false,6,16,769.9967604225001,8.27,8.329,14.9,10,147.9155,0.7045,0.3226,false
rs-main,e505e54bf501,pcbench-tdstat_TDstatv2,d3-c,50,2,false,0,26,961.4758482327408,7.3,7.376,20.1,39,1852.4429,1.2416,2.4375,false
rs-main,e505e54bf501,pcbench-technoshield-ui-hw_technoshield,d3-c,78,2,false,1,18,963.4845840760318,6.2299999999999995,6.274,21.0,40,2712.0321,1.2251,0.6557,false
rs-main,e505e54bf501,pcbench-teensy-touch_teensy-touch,d3-b,34,2,false,0,3,966.6576932177777,0.88,0.915,11.7,5,557.6104,0.7874,0.1429,false
rs-main,e505e54bf501,pcbench-teensy-weather-badge_teensyi2c,d3-b,37,2,false,1,0,956.5174597573912,0.99,1.016,10.9,1,442.1279,1.3205,0.2,false
rs-main,e505e54bf501,pcbench-teensy-wifi-weather-logger_teensyi2c,d3-b,37,2,false,1,0,956.5174597573912,0.98,1.016,11.0,1,442.1279,1.3205,0.2,false
rs-main,e505e54bf501,pcbench-temperature-alarm_controller,d3-b,18,2,true,0,0,999.9963758728302,0.94,0.966,11.0,2,860.3937,1.3053,0.3333,false
rs-main,e505e54bf501,pcbench-tepmachcha_tepmachcha,d3-b,40,2,false,1,0,916.6635793166668,0.35,0.365,10.0,0,185.241,1.3653,,false
rs-main,e505e54bf501,pcbench-tessel-ice40__autosave-project,d3-b,30,2,false,3,45,851.845468857037,24.240000000000002,24.413,26.9,37,735.1129,0.8426,0.8043,false
rs-main,e505e54bf501,pcbench-thegrid_thegrid,d3-b,35,2,true,0,0,999.9972286282223,0.8,0.817,12.0,0,1247.1173,0.9681,0.0,false
rs-main,e505e54bf501,pcbench-thingBot-LoRa_thingBot-LoRa_v1P0,d3-b,22,2,true,0,0,999.9981794403077,9.78,9.882,10.3,5,341.6819,1.4032,1.0,false
rs-main,e505e54bf501,pcbench-thingBot-LoRa_thingBot-LoRa_v1P1,d3-b,22,2,true,0,0,999.9981762236667,6.98,7.024,10.4,4,347.1329,1.4421,0.8,false
rs-main,e505e54bf501,pcbench-timecircuits-hardware_BTTF-TimeCircuits,d3-c,274,2,false,1,2,996.854786373408,116.02000000000001,116.499,65.9,164,5626.3873,0.9353,1.4643,false
rs-main,e505e54bf501,pcbench-tiny-8088_Computer,d3-c,162,2,false,2,1,992.2458878526056,38.959999999999994,39.197,50.5,73,7189.2493,0.9733,1.5532,false
rs-main,e505e54bf501,pcbench-tinyFISH_tinyBRUSH,d3-a,10,2,false,1,6,926.6648581999999,1.14,1.166,9.2,4,71.27,0.9639,0.5,false
rs-main,e505e54bf501,pcbench-tinyisp-micro_tinyispmicro,d3-b,27,2,false,1,2,974.0693407233333,3.9,3.973,12.9,19,328.0047,0.8926,1.2667,false
rs-main,e505e54bf501,pcbench-tinymuseum_museum,d3-b,26,2,false,2,0,959.1798549061225,5.02,5.072,14.1,5,685.548,1.0056,5.0,false
rs-main,e505e54bf501,pcbench-type5_type5,d3-c,55,2,false,0,12,933.3180767322223,2.73,2.769,14.6,18,1846.1882,0.9487,,false
rs-main,e505e54bf501,pcbench-uC3Moy_uC3Moy,d3-b,14,2,false,3,18,839.0229140507317,2.5599999999999996,2.618,17.4,0,302.6196,1.5361,,false
rs-main,e505e54bf501,pcbench-uSKY_uSKY,d3-b,37,2,false,19,29,599.9997785212903,27.18,27.314,14.4,0,68.6584,0.3933,0.0,false
rs-main,e505e54bf501,pcbench-uext-esp32_UEXT_ESP32,d3-c,43,2,false,2,5,869.5586968347827,1.87,1.917,13.0,10,249.864,1.0293,0.6667,false
rs-main,e505e54bf501,pcbench-usb_rs232c_usb_rs232c_rev_a,d3-b,25,2,true,0,0,999.9963009835483,17.96,18.098,14.5,16,346.6951,1.3966,0.8421,false
rs-main,e505e54bf501,pcbench-vatx_vatx,d3-b,19,2,false,1,0,984.3721322196875,4.819999999999999,4.872,18.9,5,667.6897,1.0534,0.25,false
rs-main,e505e54bf501,pcbench-vdcmon_vdcmon,d3-b,28,2,true,0,0,999.9967972622727,1.41,1.467,14.1,4,1209.2046,0.8345,0.0571,false
rs-main,e505e54bf501,pcbench-wavegen_rev3,d3-c,75,2,false,60,0,889.7048541739338,263.29,264.066,89.2,12,2196.6469,1.359,0.1277,false
rs-main,e505e54bf501,pcbench-wavegen_waveform-generator,d3-c,60,2,false,10,0,931.503784670274,47.56,47.799,34.9,23,1087.1907,1.0799,0.4182,false
rs-main,e505e54bf501,pcbench-wavegen_waveform-generator-rev1,d3-c,47,2,false,4,0,971.6253265902127,35.89,36.081,43.7,60,1144.7539,1.1355,1.1321,false
rs-main,e505e54bf501,pcbench-wavegen_wavegen,d3-c,47,2,false,4,0,971.6253265902127,42.32,42.542,43.6,60,1144.7539,1.1355,1.1321,false
rs-main,e505e54bf501,pcbench-wifiLCD_wifilcd,d3-b,22,2,false,0,2,992.7218887069091,9.58,9.632,12.6,17,630.6056,0.9487,0.5152,false
rs-main,e505e54bf501,pcbench-xmasOrn_xmasOrn,d3-c,57,2,true,0,0,999.9972543079883,47.5,47.748,45.1,53,2058.8618,1.4004,0.4492,false
rs-main,e505e54bf501,pcbench-xwhatits-capsense-controller_model-f-3178-adaptor,d3-b,21,2,true,0,0,999.9986995125714,2.79,2.82,8.5,0,227.5853,2.4678,,false
rs-main,e505e54bf501,pcbench-z2amiller_sensorboard_programmer,d3-a,11,2,true,0,0,999.9973402373333,0.06,0.114,8.6,1,149.4822,0.9825,,false
rs-main,e505e54bf501,pcbench-zx-sizif-128_sizif128,d3-c,120,2,false,6,0,981.5885688750307,106.57,106.982,82.1,63,7482.7337,0.8984,0.3103,false
rs-main,e505e54bf501,pcbench-zx-sizif-512-ext_sizif512ext,d3-c,179,2,false,54,35,877.501557375743,337.81,338.849,129.2,235,9372.1344,0.8554,0.7993,false
rs-main,e505e54bf501,pcbench-zx-sizif-512-wifi_sizif512-wifi,d3-a,10,2,true,0,0,999.9953538490909,2.49,2.518,9.7,5,261.0766,1.1759,0.082,false
rs-main,e505e54bf501,pcbench-zx-sizif-xxs_sizif-xxs,d3-c,123,2,false,40,49,822.7691274378648,226.23,226.927,78.7,140,2375.9498,0.8383,0.9333,false
